,2020-03-31,2019-03-31,2018-03-31,2017-03-31
20MICRONS.NS,NaN,NaN,NaN,NaN
21STCENMGM.NS,NaN,NaN,NaN,NaN
3IINFOTECH.NS,1685800000.0,1370300000.0,927400000.0,1294000000.0
3MINDIA.NS,2450467000.0,2529817000.0,361954000.0,3649251000.0
3PLAND.NS,NaN,NaN,NaN,NaN
5PAISA.NS,-78960000.0,-189530000.0,-252990000.0,-116900000.0
63MOONS.NS,NaN,NaN,NaN,NaN
A2ZINFRA.NS,NaN,NaN,NaN,NaN
AARTIDRUGS.NS,-253890000,-253890000,-240625000,-270000000
AARTIIND.NS,11020600000.0,7362000000.0,3349000000.0,4700700000.0
AARTISURF.NS,181109000.0,-126780000.0,,
AARVEEDEN.NS,48888000.0,12324000.0,10770000.0,-62381000.0
AARVI.NS,13329000.0,-37921000.0,14392895.0,44897238.0
AAVAS.NS,2490416000,1760309000,930356000,578517000
ABAN.NS,226110000,436550000,94560000,-427210000
ABB.NS,,,,
ABBOTINDIA.NS,NaN,NaN,NaN,NaN
ABCAPITAL.NS,9197800000,8709400000,6930600000,5300000000
ABFRL.NS,-1630100000,3212200000,1177900000,535000000
ABMINTLTD.NS,NaN,NaN,NaN,NaN
ACC.NS,,,,
ACCELYA.NS,,,,
ACE.NS,-50590000,17344000,8109000,21280000
ADANIENT.NS,11508100000.0,-4355800000.0,4131100000.0,301100000.0
ADANIGAS.NS,-706300000,699700000,680500000,52985000
ADANIGREEN.NS,3832352000.0,34780000.0,1624468000.0,758523000.0
ADANIPORTS.NS,23972700000,39747100000,-1267300000,1087100000
ADANIPOWER.NS,NaN,NaN,NaN,NaN
ADANITRANS.NS,7418200000,5592000000,11429400000,4164300000
ADFFOODS.NS,NaN,NaN,NaN,NaN
ADHUNIKIND.NS,247129803,416545177,337422649,-23562587
ADORWELD.NS,-216300000,106500000,-40900000,73400000
ADROITINFO.NS,-728458.0,-1325168.0,-993633.0,-825398.0
ADSL.NS,NaN,NaN,NaN,NaN
ADVANIHOTR.NS,13404000,-119369294,94875659,23531768
ADVENZYMES.NS,NaN,NaN,NaN,NaN
AEGISCHEM.NS,NaN,NaN,NaN,NaN
AFFLE.NS,NaN,NaN,NaN,NaN
AGARIND.NS,24784000.0,-13802000.0,-12696000.0,-56421000.0
AGCNET.NS,1099300000,1967200000,-67400000,-102600000
AGRITECH.NS,NaN,NaN,NaN,NaN
AGROPHOS.NS,31326000.0,24800000.0,-4123000.0,-65757706.0
AHLEAST.NS,-3767678,-160461656,146722907,3470296
AHLUCONT.NS,273848000,622258000,-85006000,476657000
AHLWEST.NS,61619000.0,-180347000.0,165028000.0,8598000.0
AIAENG.NS,-598166000,271525000,-604446000,1235121000
AIONJSW.NS,-1296400000,737900000,130000000,-625800000
AIRAN.NS,-3621000.0,16177000.0,-111103582.0,96844024.0
AJANTPHARM.NS,NaN,NaN,NaN,NaN
AJMERA.NS,-72633000,121397000,-111517000,45437000
AKASH.NS,-44337000.0,-19378718.0,-251974741.0,104931441.0
AKSHARCHEM.NS,263249000.0,-87776000.0,299291000.0,410842000.0
AKSHOPTFBR.NS,1193935000.0,876649000.0,265020000.0,834213000.0
AKZOINDIA.NS,2212000000.0,-356000000.0,514000000.0,-241000000.0
ALANKIT.NS,-94508000.0,186168000.0,277142000.0,18242229.0
ALBERTDAVD.NS,48000,-42952000,146250000,-97867000
ALCHEM.NS,-39782000.0,-67005000.0,-141650000.0,-144200000.0
ALEMBICLTD.NS,568497000.0,11695000.0,-14807000.0,-243000.0
ALICON.NS,-43867000.0,-12969000.0,2515000.0,-18942000.0
ALKALI.NS,94341835,69008534,44993272,41902767
ALKEM.NS,-731100000.0,823400000.0,800000.0,395800000.0
ALKYLAMINE.NS,118996000,171048000,18892000,-29930000
ALLCARGO.NS,597600000.0,-447000000.0,676300000.0,-106500000.0
ALLSEC.NS,NaN,NaN,NaN,NaN
ALMONDZ.NS,65300000,-89044793,75755679,-12977436
ALOKINDS.NS,NaN,NaN,NaN,NaN
ALPA.NS,52671000,-204412000,-153400000,400000
ALPHAGEO.NS,34530369.0,1090146665.0,589978038.0,187015435.0
ALPSINDUS.NS,-16784000,14506000,-22953000,-13496000
AMARAJABAT.NS,NaN,NaN,NaN,NaN
AMBER.NS,311632000.0,-805603000.0,1028202000.0,107706000.0
AMBIKCO.NS,8601000.0,11877000.0,-51662000.0,64316000.0
AMBUJACEM.NS,,,,
AMDIND.NS,182917000.0,239820000.0,294345000.0,294618000.0
AMJLAND.NS,32591000,-8936000,-6713000,10527000
AMRUTANJAN.NS,-73649000,32021000,18039000,18039000
ANANTRAJ.NS,NaN,NaN,NaN,NaN
ANDHRACEMT.NS,-1683173000,-1801349000,-710949000,-1031198000
ANDHRAPAP.NS,-3866000,-13604000,92374000,-28500000
ANDHRSUGAR.NS,-13460000,36502000,106312000,103705000
ANIKINDS.NS,NaN,NaN,NaN,NaN
ANKITMETAL.NS,-242000.0,-15748000.0,-4519000.0,-25453000.0
ANSALAPI.NS,-86422000.0,39738000.0,-166903000.0,
ANSALHSG.NS,6964000,-3315000,1801000,-11148000
ANUP.NS,429683000.0,419859000.0,-183429.0,
APARINDS.NS,NaN,NaN,NaN,NaN
APCL.NS,-102400000.0,23500000.0,43200000.0,22200000.0
APCOTEXIND.NS,9539000,8401000,253949000,-32180000
APEX.NS,583013000.0,489930000.0,329629000.0,143924000.0
APLAPOLLO.NS,2379700000,1482500000,1581300000,1521100000
APLLTD.NS,4100000.0,-700000.0,-700000.0,-700000.0
APOLLO.NS,469106638.0,-729312288.0,-424538130.0,138434076.0
APOLLOHOSP.NS,945000000.0,-201000000.0,235510000.0,-523730000.0
APOLLOPIPE.NS,-194515000.0,-572262000.0,2033627000.0,-6382017.0
APOLLOTYRE.NS,NaN,NaN,NaN,NaN
APOLSINHOT.NS,41738000,71246000,66750000,-6658000
APTECHT.NS,135061000,182211000,328723000,193039000
ARCHIDPLY.NS,-47661679,-4547311,31938685,-5747393
ARCHIES.NS,102368000.0,72077000.0,41920000.0,73273000.0
ARCOTECH.NS,-131000.0,-7000.0,394000.0,87000.0
ARENTERP.NS,4939000.0,4949040.0,3913700.0,5849805.0
ARIES.NS,530422686.0,443626164.0,139266383.0,477115432.0
ARIHANT.NS,175800000,-55920596,49883096,-6246720
ARIHANTSUP.NS,-34596000.0,26691000.0,8643000.0,-12131000.0
ARMANFIN.NS,201007000.0,303401000.0,-94145144.0,102939487.0
AROGRANITE.NS,629405000.0,-31742000.0,221924000.0,162766000.0
ARROWGREEN.NS,NaN,NaN,NaN,NaN
ARSHIYA.NS,807162000.0,139507000.0,-1396653000.0,355013000.0
ARSSINFRA.NS,-579934000.0,130909000.0,481200000.0,-9800000.0
ARTEMISMED.NS,NaN,NaN,NaN,NaN
ARVIND.NS,956500000,2262300000,3094700000,3146300000
ARVINDFASN.NS,27000000.0,-26800000.0,66200000.0,32900000.0
ARVSMART.NS,-8660000.0,2759000.0,-70581000.0,97020000.0
ASAHIINDIA.NS,-138000000,27800000,5300000,-214500000
ASAHISONG.NS,NaN,NaN,NaN,NaN
ASAL.NS,80837000,-214638000,40837000,179609000
ASALCBR.NS,9718000,-6333000,-6817000,-2347000
ASHAPURMIN.NS,-197361000,-2173970000,-179207000,722497000
ASHIANA.NS,291000000,222700000,-110300000,-483500000
ASHIMASYN.NS,-22800000,61700000,37900000,-80200000
ASHOKA.NS,3813510000.0,-240921000.0,2079025000.0,-1014461000.0
ASHOKLEY.NS,4208500000.0,5493500000.0,2049000000.0,-6680513000.0
ASIANHOTNR.NS,,1049663000.0,1087925000.0,854931000.0
ASIANPAINT.NS,35100000,267000000,431400000,-250100000
ASIANTILES.NS,-238580000,93783000,47731000,10310000
ASPINWALL.NS,NaN,NaN,NaN,NaN
ASTEC.NS,958000,-1189000,-25120000,5956000
ASTERDM.NS,2766100000,3331100000,2688800000,1017600000
ASTRAL.NS,NaN,NaN,NaN,NaN
ASTRAMICRO.NS,NaN,NaN,NaN,NaN
ASTRAZEN.NS,-897400000,592600000,-5700000,383500000
ASTRON.NS,46775228.0,-148045249.0,147154000.0,-12683000.0
ATFL.NS,NaN,NaN,NaN,NaN
ATLANTA.NS,,22537991.0,5238907.0,-39484793.0
ATLASCYCLE.NS,,-5848646.0,-98720674.0,117925351.0
ATUL.NS,6664600000,4322300000,2764800000,3229700000
ATULAUTO.NS,-83400000.0,-70200000.0,-243066000.0,282904000.0
AUBANK.NS,6747845000,3818068000,2920396000,7618714000
AURIONPRO.NS,219306000.0,635980000.0,1321244000.0,1094443000.0
AUROPHARMA.NS,28309700000,23647300000,24231700000,23016600000
AUSOMENT.NS,NaN,NaN,NaN,NaN
AUTOAXLES.NS,NaN,NaN,NaN,NaN
AUTOIND.NS,8700000.0,-16812368.0,20616799.0,-4225518.0
AUTOLITIND.NS,,-3164000.0,6797000.0,-11115000.0
AVADHSUGAR.NS,22323000,-7561000,-260856000,273928000
AVANTIFEED.NS,-421592000,512080000,-337911000,-294955000
AVTNPL.NS,68315000,27960000,-36687000,26139000
AXISBANK.NS,NaN,NaN,NaN,NaN
AXISCADES.NS,141986000,173450000,-228658000,118880000
AYMSYNTEX.NS,174056000,58615000,80005000,405387000
BAGFILMS.NS,315278434.0,366292473.0,383645355.0,255678988.0
BAJAJ-AUTO.NS,2097400000,656700000,986100000,734800000
BAJAJCON.NS,1847739000.0,2215930000.0,2110845000.0,2182421000.0
BAJAJELEC.NS,-92804000,1563954000,836349000,1021685000
BAJAJFINSV.NS,33691300000,32190400000,26502600000,22619200000
BAJAJHIND.NS,2164100000,2118600000,1974500000,2146600000
BAJAJHLDNG.NS,NaN,NaN,NaN,NaN
BAJFINANCE.NS,52637500000.0,39949900000.0,24963700000.0,18363800000.0
BALAJITELE.NS,14283000.0,-2730000.0,122110000.0,-9491000.0
BALAMINES.NS,NaN,NaN,NaN,NaN
BALAXI.NS,255000.0,255000.0,255000.0,255000.0
BALKRISHNA.NS,-141668000,-34849000,-364232000,39640000
BALKRISIND.NS,6500000,197100000,38600000,-3057000000
BALLARPUR.NS,NaN,NaN,NaN,NaN
BALMLAWRIE.NS,-323234000,-209294000,236700000,-92500000
BALPHARMA.NS,231012000.0,77576000.0,5791000.0,63145000.0
BALRAMCHIN.NS,-6252000.0,-3339000.0,4210000.0,-41310000.0
BANARBEADS.NS,-1061594.0,-3018739.0,-38646730.0,21470850.0
BANARISUG.NS,-572360000.0,-1919888000.0,5883986000.0,6446526000.0
BANCOINDIA.NS,490589000,-385643000,88903000,-298328000
BANDHANBNK.NS,30237375528,19515018926,13455568149,11119527375
BANG.NS,1057000,-1468147,-30694494,-4679284
BANKBARODA.NS,331202330000.0,4620935000.0,-566922534000.0,171159457000.0
BANKINDIA.NS,-82509357000,-11642375000,-4404764000,-30400093000
BANSWRAS.NS,-45127000,43622000,-41416000,-24804000
BARTRONICS.NS,,92291000.0,-38038000.0,35655000.0
BASF.NS,5538200000.0,-771500000.0,2900000000.0,2210700000.0
BASML.NS,236425000,-60214000,-12403000,119207000
BATAINDIA.NS,-433680000,40680000,-71830000,-280100000
BAYERCROP.NS,4887000000.0,-1402000000.0,-4214000000.0,756000000.0
BBL.NS,5706000,-12186000,-96141000,116899000
BBTC.NS,353041000,-354598000,256487000,273590000
BCG.NS,1795300000.0,1350548508.0,1081497629.0,957425118.0
BCP.NS,-2504216,-374916875,468124493,-40104705
BDL.NS,2801732000.0,-148342000.0,-631173000.0,-5833787000.0
BEARDSELL.NS,-24828000,16678000,-4687000,3034000
BEDMUTHA.NS,3377000.0,-213553000.0,92865000.0,57448000.0
BEL.NS,NaN,NaN,NaN,NaN
BEML.NS,1058389000,2568191000,1297360000,2086321000
BEPL.NS,881223000.0,534653000.0,1919798000.0,781442000.0
BERGEPAINT.NS,6578100000,4943000000,4608300000,4736600000
BFINVEST.NS,7590000.0,1170000.0,4123000.0,149774830.0
BFUTILITIE.NS,54246000.0,-24140000.0,-79650000.0,72661834.0
BGRENERGY.NS,-14000000.0,-67400000.0,-977700000.0,-72900000.0
BHAGERIA.NS,39203000,-9413000,-63434000,96196000
BHAGYANGR.NS,485922285.0,-481020732.0,279082450.0,-143717968.0
BHAGYAPROP.NS,67147811,72829453,37036302,-11522315
BHANDARI.NS,50144000,43523000,41401000,30719000
BHARATFORG.NS,264090000,832290000,-693240000,-333700000
BHARATGEAR.NS,41722000.0,-109915000.0,124145000.0,-28404000.0
BHARATRAS.NS,400511000,42743000,1822000,-3423000
BHARATWIRE.NS,NaN,NaN,NaN,NaN
BHARTIARTL.NS,-321832000000,4095000000,10990000000,37998000000
BHEL.NS,6071200000.0,-19729400000.0,12828900000.0,-4726200000.0
BIGBLOC.NS,56349789.0,41268780.0,54555531.0,48186572.0
BIL.NS,212731000,197904000,174666000,180544270
BILENERGY.NS,,34732000.0,49326000.0,42311000.0
BINDALAGRO.NS,10667000.0,-12845000.0,-44781000.0,43594000.0
BIOCON.NS,NaN,NaN,NaN,NaN
BIOFILCHEM.NS,10432000,95112000,4635000,7114000
BIRLACABLE.NS,133390000,-800000,-1146000,-74146000
BIRLACORPN.NS,-439400000.0,-141300000.0,152600000.0,-240484000.0
BIRLAMONEY.NS,316904277.0,-14144081.0,-98684626.0,31486114.0
BIRLATYRE.NS,927800000.0,300000.0,,
BKMINDST.NS,329000000.0,-354300000.0,414800000.0,241800000.0
BLBLIMITED.NS,60813000.0,-34804000.0,28345000.0,-48554000.0
BLISSGVS.NS,NaN,NaN,NaN,NaN
BLKASHYAP.NS,NaN,NaN,NaN,NaN
BLS.NS,-453196000,-197176000,266807112,172278079
BLUEDART.NS,-1685600000,424700000,-250400000,-356000000
BLUESTARCO.NS,NaN,NaN,NaN,NaN
BODALCHEM.NS,NaN,NaN,NaN,NaN
BOMDYEING.NS,NaN,NaN,NaN,NaN
BOROLTD.NS,6000.0,6000.0,,
BORORENEW.NS,261956000,-245092000,1030973000,434120000
BOSCHLTD.NS,642000000.0,-1717000000.0,2338000000.0,330000000.0
BPCL.NS,3291100000,-869800000,-2148700000,-14288700000
BPL.NS,84439000.0,-65335000.0,37216000.0,-600507000.0
BRFL.NS,1382700000.0,1594200000.0,1595400000.0,1648900000.0
BRIGADE.NS,1305800000,2399100000,1392000000,1530800000
BRITANNIA.NS,14026300000,11591200000,10042300000,8844700000
BRNL.NS,NaN,NaN,NaN,NaN
BROOKS.NS,-93887000,-50450000,-61816000,95647000
BSE.NS,-4762000000,-1230000000,-449700000,-449700000
BSELINFRA.NS,333607.0,1442110.0,1471829.0,1548383.0
BSL.NS,303463000.0,201878000.0,373831000.0,109713000.0
BSOFT.NS,2243480000.0,2894710000.0,2528540000.0,2385050000.0
BURNPUR.NS,121213000.0,120308000.0,121914000.0,121713000.0
BUTTERFLY.NS,NaN,NaN,NaN,NaN
BVCL.NS,77091000,205335000,131148000,260365000
BYKE.NS,-31296000.0,-49387000.0,74680000.0,7078000.0
CADILAHC.NS,3989000000,-8109000000,-29000000,7556000000
CALSOFT.NS,-35685.0,-35685.0,-35685.0,-35685.0
CAMLINFINE.NS,NaN,NaN,NaN,NaN
CANBK.NS,NaN,NaN,NaN,NaN
CANDC.NS,NaN,NaN,NaN,NaN
CANFINHOME.NS,-292152000,4008005000,-9608000,1107000
CANTABIL.NS,238925000,237399000,72476000,95465000
CAPACITE.NS,777458000.0,168325000.0,18125000.0,73041000.0
CAPLIPOINT.NS,2150080000,1765670000,1447877000,956124000
CAPTRUST.NS,23535000.0,175559000.0,-101372951.0,-541317666.0
CARBORUNIV.NS,2724170000,2476780000,2155960000,1748670000
CAREERP.NS,28431000.0,-28316000.0,20824000.0,58550000.0
CARERATING.NS,-128270000.0,-41701000.0,105184530.0,11879847.0
CASTROLIND.NS,,,,
CCHHL.NS,-3252224000.0,894603477.0,513460890.0,833260699.0
CCL.NS,906561000.0,1615690000.0,1451481000.0,1017845000.0
CDSL.NS,-10221000,-11749000,-255206000,294853000
CEATLTD.NS,-401500000,-146300000,581700000,103500000
CEBBCO.NS,-147472000.0,92240000.0,-7501000.0,56583000.0
CELEBRITY.NS,174600000.0,146100000.0,4900000.0,47300000.0
CENTENKA.NS,-6000000,-183300000,203600000,-20000000
CENTEXT.NS,NaN,NaN,NaN,NaN
CENTRALBK.NS,-122018700000,-194668800000,-424216800000,312477500000
CENTRUM.NS,177203000.0,-821767000.0,407797150.0,469003239.0
CENTUM.NS,-37240000.0,-44030000.0,80700000.0,-255430000.0
CENTURYPLY.NS,-18187000,29134000,-460824000,283627000
CENTURYTEX.NS,1278000000,-2525100000,2189700000,5178600000
CERA.NS,-58317000.0,-150051000.0,5209000.0,1570000.0
CEREBRAINT.NS,NaN,NaN,NaN,NaN
CESC.NS,7103100000.0,-1296100000.0,-6225700000.0,4020700000.0
CESCVENT.NS,-89400000.0,-89400000.0,-89400000.0,
CGCL.NS,NaN,NaN,NaN,NaN
CGPOWER.NS,6816300000.0,8108600000.0,3796400000.0,-5399400000.0
CHALET.NS,2524410000.0,3655210000.0,2489110000.0,2012230000.0
CHAMBLFERT.NS,12261900000,5902100000,4988447000,3621389000
CHEMBOND.NS,236600000.0,-122085000.0,-122801000.0,48857000.0
CHEMFAB.NS,254461000,167558000,254745000,155274000
CHENNPETRO.NS,-6202000000.0,-1437100000.0,27566700000.0,6087374000.0
CHOLAFIN.NS,10537200000.0,11980600000.0,9193300000.0,7194296000.0
CHOLAHLDNG.NS,4165300000.0,28027300000.0,1599100000.0,-7378200000.0
CHROMATIC.NS,2562000,2472000,2293000,2425000
CIGNITITEC.NS,1215999000,1473576000,321733000,-3948269000
CIMMCO.NS,,-99260000.0,-301364000.0,107716000.0
CINELINE.NS,212786000.0,-22834000.0,767500000.0,79600000.0
CINEVISTA.NS,9450000.0,10521000.0,13245000.0,16112550.0
CIPLA.NS,2340200000,-3451000000,2431100000,-2478000000
CKFSL.NS,,202228764.0,221095279.0,221095279.0
CLEDUCATE.NS,11818000.0,-32480000.0,-739313000.0,783955000.0
CLNINDIA.NS,-22517000,80051000,-41476000,29472000
CMICABLES.NS,-135822000.0,137335000.0,8751000.0,-10402000.0
CNOVAPETRO.NS,NaN,NaN,NaN,NaN
COALINDIA.NS,-24712100000.0,-24257800000.0,-1962400000.0,-6824900000.0
COCHINSHIP.NS,NaN,NaN,NaN,NaN
COFORGE.NS,4440000000.0,4033000000.0,2802000000.0,2501000000.0
COLPAL.NS,8899006000.0,9829975000.0,6939317000.0,6880043000.0
COMPINFO.NS,-354839000.0,-17230000.0,92301000.0,11766000.0
COMPUSOFT.NS,16000000,-36400000,83300000,-87800000
CONCOR.NS,-640100000.0,-792600000.0,756600000.0,
CONFIPET.NS,524129000.0,668027000.0,268159662.0,50041693.0
CONSOFINVT.NS,358902000.0,-50429000.0,476763764.0,18223769.0
CONTROLPR.NS,-103343000.0,119880000.0,24593000.0,-5887000.0
CORALFINAC.NS,83518726,48716518,-6438897,27691000
CORDSCABLE.NS,-1653000,-895000,830000,-438000
COROMANDEL.NS,10650400000,7204800000,6913100000,4769600000
COSMOFILMS.NS,NaN,NaN,NaN,NaN
COUNCODOS.NS,19000446,8689031,-25381132,17530211
COX&KINGS.NS,,,,-204300000.0
CREATIVE.NS,77762000,58477000,28876777,13399181
CREATIVEYE.NS,1263067.0,-9778316.0,-46497058.0,16117292.0
CREDITACC.NS,NaN,NaN,NaN,NaN
CREST.NS,-18814514.0,17518870.0,-21057993.0,7929489.0
CRISIL.NS,,,,
CROMPTON.NS,4963900000,4013900000,3237900000,2831700000
CSBBANK.NS,-11736558000.0,-13264678000.0,2477550000.0,-777340000.0
CTE.NS,-2442440,11663030,5860080,-19167890
CUB.NS,-5483159000,-51767224000,-29199788000,-26739980000
CUBEXTUB.NS,27275000,-51982357,36082398,21865986
CUMMINSIND.NS,-139900000,431400000,283700000,385800000
CUPID.NS,-18254000,-4402000,-85594000,109650000
CYBERTECH.NS,-91355000.0,78649000.0,25076000.0,40761000.0
CYIENT.NS,3425000000,4785000000,4054000000,3438000000
DAAWAT.NS,-100591000.0,97262000.0,-132527000.0,66031000.0
DABUR.NS,14449600000,14423300000,13543900000,12769400000
DALBHARAT.NS,-140000000.0,-350000000.0,1770000000.0,-130000000.0
DALMIASUG.NS,724400000,-2204400000,7062300000,1547800000
DAMODARIND.NS,10114235,19506087,19506087,19506087
DATAMATICS.NS,1251990000,-121660000,141210000,65670000
DBCORP.NS,2749760000.0,2738410000.0,3239700000.0,3747570000.0
DBL.NS,2674968000.0,2265434000.0,1315192000.0,471840000.0
DBREALTY.NS,48167000,949348000,220604000,-1269294000
DBSTOCKBRO.NS,103895373.0,-27380252.0,30021362.0,-69067700.0
DCAL.NS,456100000.0,108000000.0,69100000.0,238100000.0
DCBBANK.NS,7524944000,4213909000,11795225000,3008978000
DCM.NS,-95231000.0,62204000.0,-53016000.0,10042000.0
DCMFINSERV.NS,1226537,-9078821,6916905,2703532
DCMNVL.NS,-91366000.0,99564000.0,-97668.0,1118326.0
DCMSHRIRAM.NS,4962900000.0,7748800000.0,8271100000.0,7724800000.0
DCW.NS,23032000.0,-35009000.0,772000.0,-4033000.0
DECCANCE.NS,435405000,583242000,705055000,613840000
DEEPAKFERT.NS,872600000,706700000,1626700000,1543100000
DEEPAKNTR.NS,-8200000.0,-64700000.0,35864000.0,10718000.0
DEEPIND.NS,405957000.0,618835000.0,1427708000.0,1096865000.0
DELTACORP.NS,206300000.0,-497300000.0,934900000.0,70164000.0
DELTAMAGNT.NS,-19595180,10686330,12595820,-16785110
DEN.NS,89640000.0,-720240000.0,641020000.0,-737080000.0
DENORA.NS,8833351.0,6997997.0,-17748141.0,13546000.0
DFMFOODS.NS,NaN,NaN,NaN,NaN
DGCONTENT.NS,171500000.0,-38600000.0,-38600000.0,
DHAMPURSUG.NS,-33200000.0,-256100000.0,185600000.0,17300000.0
DHANBANK.NS,2532193000.0,1726238000.0,1709862000.0,-390871000.0
DHANUKA.NS,247478000.0,-101298000.0,70822000.0,25928000.0
DHARSUGAR.NS,NaN,NaN,NaN,NaN
DHFL.NS,55891600000.0,-6629700000.0,-8718500000.0,-2342600000.0
DHUNINV.NS,122620000,-404086000,953979000,262857000
DIAMONDYD.NS,-22017000.0,-243660000.0,446900000.0,50867000.0
DIAPOWER.NS,,,,-2577312000.0
DICIND.NS,NaN,NaN,NaN,NaN
DIGISPICE.NS,229880000,-368321000,204627000,-355175000
DIGJAMLTD.NS,25223000.0,26099000.0,27182000.0,27974000.0
DISHTV.NS,206800000.0,-2099300000.0,1286400000.0,823900000.0
DIVISLAB.NS,410500000,229600000,-166000000,131500000
DIXON.NS,1205001000,633581000,609008000,475696000
DLF.NS,-5831983000.0,13191971000.0,44638639000.0,7148023000.0
DLINKINDIA.NS,-20414000,-54472000,247592000,-177187000
DMART.NS,13010800000,9025400000,8062600000,4787523000
DNAMEDIA.NS,,26200000.0,10920000.0,-42437000.0
DOLAT.NS,960347481.0,338584712.0,419928757.0,1738205.0
DOLLAR.NS,-148447000.0,13776000.0,93501000.0,-6672000.0
DONEAR.NS,90429000.0,94439000.0,116333000.0,138928000.0
DPSCLTD.NS,391270000,-213906000,-349120000,154678000
DPWIRES.NS,,-818305.0,-627667.0,-355190.0
DQE.NS,63810000.0,110540381.0,343371088.0,399052017.0
DREDGECORP.NS,1173478000,1481418000,1377612000,869280000
DRREDDY.NS,19498000000,18795000000,9806000000,12039000000
DSSL.NS,NaN,NaN,NaN,NaN
DTIL.NS,28737000,14662000,24642000,-13670000
DUCON.NS,,,,-4987696.0
DVL.NS,41806000,-401290000,493199000,-600136000
DWARKESH.NS,358196000.0,327735000.0,312260000.0,299095000.0
DYNAMATECH.NS,188800000.0,-27800000.0,-220300000.0,20300000.0
DYNPRO.NS,NaN,NaN,NaN,NaN
EASTSILK.NS,26125000,53383000,694979000,1451225000
EASUNREYRL.NS,,97635000.0,-116638000.0,-358035000.0
EBIXFOREX.NS,-41291000.0,-56374000.0,635794000.0,238415000.0
ECLERX.NS,2089830000,2282630000,2899840000,3540270000
EDELWEISS.NS,NaN,NaN,NaN,NaN
EDUCOMP.NS,,,,-505480000.0
EICHERMOT.NS,18274400000,22027300000,19596700000,16670800000
EIDPARRY.NS,4678700000.0,1534900000.0,2558200000.0,5208100000.0
EIHAHOTELS.NS,50330000,10360000,-54520000,67710000
EIHOTEL.NS,-305360000,311150000,-9080000,-295770000
EIMCOELECO.NS,31999000,-4607000,17385000,8977000
EKC.NS,152892000.0,73652000.0,-10321000.0,1636000.0
ELECON.NS,NaN,NaN,NaN,NaN
ELECTCAST.NS,NaN,NaN,NaN,NaN
ELECTHERM.NS,-169700000.0,146900000.0,91900000.0,-188300000.0
ELGIEQUIP.NS,-247280000,48640000,-165740000,92770000
ELGIRUBCO.NS,376390000.0,334700000.0,73620000.0,-63760000.0
EMAMILTD.NS,-1056264000,1002794000,-122095000,-721177000
EMAMIPAP.NS,3133100000.0,2750500000.0,687400000.0,-147600000.0
EMAMIREAL.NS,-2200669000,-3240796000,-1456933000,-246589000
EMCO.NS,,,-116425000.0,210995000.0
EMKAY.NS,NaN,NaN,NaN,NaN
EMMBI.NS,200490000,259160000,300570000,197550000
ENDURANCE.NS,831580000,351610000,2829750000,540260000
ENERGYDEV.NS,104551000.0,111456000.0,116815000.0,108781456.0
ENGINERSIN.NS,3756102000.0,5489979000.0,5987883000.0,2364054000.0
ENIL.NS,-197645000,59023000,-6283000,23900000
EQUITAS.NS,NaN,NaN,NaN,NaN
ERIS.NS,NaN,NaN,NaN,NaN
EROSMEDIA.NS,-14052100000,2690800000,2293400000,2574500000
ESABINDIA.NS,-243900000.0,59400000.0,-20800000.0,121000000.0
ESCORTS.NS,758400000.0,-610800000.0,849100000.0,361000000.0
ESSARSHPNG.NS,-1032300000,692800000,692800000,692800000
ESSELPACK.NS,2212400000,-253900000,337100000,133000000
ESTER.NS,247000,-4945000,-3362000,-3869000
EUROCERA.NS,NaN,NaN,NaN,NaN
EUROMULTI.NS,-18927000.0,-10772256.0,27305778.0,27767898.0
EUROTEXIND.NS,-64121000,234043000,3666000,-13306000
EVEREADY.NS,4432000.0,563000.0,-185000.0,-387000.0
EVERESTIND.NS,555969000.0,346398000.0,1481434000.0,583113000.0
EXCEL.NS,-490900,-1686210,-14718280,27257770
EXCELINDUS.NS,173343000.0,-4455000.0,7931000.0,-8989000.0
EXIDEIND.NS,-94700000,323400000,-63800000,283300000
EXPLEOSOL.NS,-189000000.0,383710000.0,-234380000.0,-24120000.0
FACT.NS,422898000.0,-396927000.0,138295000.0,122101000.0
FAIRCHEM.NS,684869000,41380000,52909000,67790000
FCL.NS,58523000.0,135818000.0,-29972000.0,-8735031.0
FCONSUMER.NS,-2158277000,-63875000,-259842000,-610055000
FCSSOFT.NS,-52372000.0,-9237000.0,684364000.0,-90086000.0
FDC.NS,99606000,-82129000,10247000,108538000
FEDERALBNK.NS,NaN,NaN,NaN,NaN
FEL.NS,-3313400000,1449600000,69000000,350000000
FELDVR.NS,-3313400000,1449600000,69000000,350000000
FIEMIND.NS,2990000.0,-325000.0,572000.0,-649000.0
FILATEX.NS,-210277000.0,152104000.0,82976000.0,-9559000.0
FINCABLES.NS,NaN,NaN,NaN,NaN
FINEORG.NS,975418000,974517000,-32999000,-261857000
FINPIPE.NS,507700000,-3000000,13096000,38946000
FLEXITUFF.NS,18210000,-41540000,-75110000,-49780000
FLFL.NS,-530400000,1889900000,1260800000,761100000
FLUOROCHEM.NS,NaN,NaN,NaN,NaN
FMGOETZE.NS,778556000.0,40938000.0,-33135000.0,-272613000.0
FMNL.NS,-813745000.0,249477000.0,1013839000.0,-62702000.0
FORCEMOT.NS,620700000,-352900000,-469900000,300300000
FORTIS.NS,579359000.0,-2989383000.0,-10092169000.0,4216647000.0
FOSECOIND.NS,,,,
FRETAIL.NS,-1173300000.0,643100000.0,151400000.0,389600000.0
FSC.NS,-1157070000.0,445922000.0,271287000.0,451980000.0
FSL.NS,3396860000,3777860000,3265190000,2799960000
GABRIEL.NS,-39400000,-131720000,139990000,-311850000
GAEL.NS,NaN,NaN,NaN,NaN
GAIL.NS,-8544400000,60600000,-279300000,488800000
GAL.NS,40491000,79547000,204827000,38106935
GALAXYSURF.NS,14200000,15600000,2000000,-4100000
GALLANTT.NS,-2921000,-29734000,20955000,-19590000
GALLISPAT.NS,1400711000.0,534735000.0,964240000.0,1905603000.0
GAMMNINFRA.NS,3625423000.0,2780771000.0,3740343000.0,4162047000.0
GANDHITUBE.NS,-609267000,-609267000,-440000000,-440000000
GANECOS.NS,-148605000.0,139457000.0,-13781000.0,17453000.0
GANESHHOUC.NS,1226417348.0,1292032663.0,752908395.0,2017932471.0
GANGESSECU.NS,105678000.0,60770000.0,31133000.0,-135799000.0
GARDENSILK.NS,NaN,NaN,NaN,NaN
GARFIBRES.NS,1095412000,1329077000,279570000,1204693000
GATI.NS,-782900000,183490000,342320000,107770000
GAYAHWS.NS,-40769840.0,-152126345.0,-215362175.0,427246694.0
GAYAPROJ.NS,-98464000.0,712046000.0,192134000.0,-168352000.0
GDL.NS,-521545000,87810000,-38066000,-67456000
GEECEE.NS,1409849000.0,-18189000.0,15838000.0,-1276639000.0
GEEKAYWIRE.NS,25085293.0,20499333.0,-2343816.0,-2343816.0
GENESYS.NS,NaN,NaN,NaN,NaN
GENUSPAPER.NS,88766000.0,641564000.0,101741000.0,162706000.0
GENUSPOWER.NS,NaN,NaN,NaN,NaN
GEOJITFSL.NS,470312000.0,231032000.0,732362795.0,560178484.0
GEPIL.NS,2668900000,-574900000,-6795000000,3367000000
GESHIP.NS,2303900000,5051600000,-6017100000,6874200000
GET&D.NS,,,,1872900000.0
GFLLIMITED.NS,-1233799000,13048908000,2535101000,881199000
GFSTEELS.NS,-7367000,-4303325,25402227,-23456362
GHCL.NS,3966200000,3505800000,3563500000,3800500000
GICHSGFIN.NS,621300000,-53000000,-49700000,96000000
GICRE.NS,,3640380000.0,-1028125000.0,-602942000.0
GILLANDERS.NS,NaN,NaN,NaN,NaN
GILLETTE.NS,,,,
GINNIFILA.NS,14024000,-515000,3517000,9669000
GIPCL.NS,4498941000.0,5818728000.0,3310153000.0,4327175000.0
GISOLUTION.NS,-1896.0,-8455.0,-2074.0,-19973.0
GKWLIMITED.NS,-93313000.0,-110419000.0,10531000.0,-40810000.0
GLAXO.NS,NaN,NaN,NaN,NaN
GLENMARK.NS,1739970000.0,-2970780000.0,1769920000.0,1992430000.0
GLFL.NS,NaN,NaN,NaN,NaN
GLOBALVECT.NS,18166000,-52455000,37972000,13410000
GLOBOFFS.NS,NaN,NaN,NaN,NaN
GLOBUSSPR.NS,1354440000.0,305770000.0,557612000.0,666010000.0
GMBREW.NS,787911000.0,612704000.0,628542000.0,528896000.0
GMDCLTD.NS,915793000.0,957770000.0,1188394000.0,1508299000.0
GMMPFAUDLR.NS,267030000,270370000,677360000,224600000
GMRINFRA.NS,20052500000,-7365600000,1940100000,2629500000
GNA.NS,1187736000.0,722030000.0,597100000.0,-903011000.0
GNFC.NS,NaN,NaN,NaN,NaN
GOACARBON.NS,NaN,NaN,NaN,NaN
GOCLCORP.NS,-126950000.0,384404000.0,113702000.0,270339000.0
GODFRYPHLP.NS,52000,43000,-101000,-69000
GODREJAGRO.NS,3061900000,3290400000,2292100000,2488168000
GODREJCP.NS,14965800000,23415300000,16341800000,13040800000
GODREJIND.NS,5521800000,5895300000,3378300000,2564500000
GODREJPROP.NS,2672100000,2531500000,869100000,2068000000
GOENKA.NS,-2256000,-5470000,-5848000,-9197000
GOKEX.NS,303871000,255796000,-310034000,-472357000
GOKUL.NS,108405000,-57777000,-265793000,-146765000
GOKULAGRO.NS,191936000,108823000,154625000,200050000
GOLDENTOBC.NS,5641000.0,-13382000.0,6910000.0,4792000.0
GOLDIAM.NS,-90275000,342813000,158449000,-297319000
GOLDTECH.NS,-29730000,-3700000,-91320000,-36160000
GOODLUCK.NS,580491000.0,568885000.0,731788000.0,227790000.0
GPIL.NS,-634000.0,-73486000.0,-240311000.0,75683000.0
GPPL.NS,81580000.0,-246390000.0,-179500000.0,-660980000.0
GPTINFRA.NS,NaN,NaN,NaN,NaN
GRANULES.NS,1029046000.0,-250085000.0,656628000.0,-819829000.0
GRAPHITE.NS,-365300000,3598500000,291800000,-53700000
GRASIM.NS,44251900000,16929900000,26785800000,31673000000
GRAVITA.NS,-16139000.0,60120000.0,-39928000.0,17188000.0
GREAVESCOT.NS,NaN,NaN,NaN,NaN
GREENLAM.NS,504165000.0,368396000.0,336851000.0,366429000.0
GREENPANEL.NS,687769000.0,525859000.0,525859000.0,
GREENPLY.NS,-198334000.0,-188280000.0,-501725000.0,387122000.0
GREENPOWER.NS,-12588000.0,3220000.0,7408000.0,-16469000.0
GRINDWELL.NS,NaN,NaN,NaN,NaN
GROBTEA.NS,-2166736,5744637,-1640560,-1559925
GRPLTD.NS,73562000,84104000,219031000,207927000
GRSE.NS,7199532000.0,-26183000.0,422000.0,-143990000.0
GSCLCEMENT.NS,NaN,NaN,NaN,NaN
GSFC.NS,-166762000.0,5083693000.0,3575105000.0,9112540000.0
GSPL.NS,NaN,NaN,NaN,NaN
GSS.NS,-17478338,141182718,40968983,14365276
GTLINFRA.NS,4361400000,2636100000,7045400000,5433800000
GTNIND.NS,80846000,229342000,121555000,210264000
GTNTEX.NS,33500000,76084000,40995000,181148000
GTPL.NS,-465540000.0,441590000.0,134060000.0,144160000.0
GUFICBIO.NS,83500000,45977000,43708000,36833000
GUJALKALI.NS,-1498157000,1214994000,28236000,488436000
GUJAPOLLO.NS,NaN,NaN,NaN,NaN
GUJGASLTD.NS,4510200000.0,27300000.0,817800000.0,-89900000.0
GUJRAFFIA.NS,92167966.0,-5560886.0,34654337.0,83736451.0
GULFOILLUB.NS,2025216000,1777823000,1585570000,1175552000
GULFPETRO.NS,4966731,-100134987,19400716,-100192747
GULPOLY.NS,NaN,NaN,NaN,NaN
GVKPIL.NS,,-5854300000.0,432600000.0,1585700000.0
HAL.NS,2524500000.0,-800000000.0,-26907900000.0,24430200000.0
HARITASEAT.NS,14602000.0,81394000.0,-55427000.0,-24977000.0
HARRMALAYA.NS,333166000.0,-70441000.0,199016000.0,211117000.0
HATHWAY.NS,9863100000.0,487800000.0,-256100000.0,-106900000.0
HATSUN.NS,1122717000,1148467000,908360000,1353913000
HAVELLS.NS,7353500000.0,7876100000.0,6623700000.0,4945300000.0
HAVISHA.NS,58076000.0,-3174000.0,-8311000.0,-85379992.0
HBLPOWER.NS,-86761000,45774000,12937000,-109394000
HBSL.NS,-14929257.0,16005427.0,-29054837.0,30596882.0
HCC.NS,54100000.0,-1334800000.0,1764400000.0,342900000.0
HCG.NS,-1066950000,-247970000,205230000,221730000
HCL-INSYS.NS,-351600000.0,-254000000.0,-222700000.0,-608200000.0
HCLTECH.NS,1553707000.0,1440752000.0,1360248000.0,1262433000.0
HDFC.NS,214345700000.0,162317600000.0,119799000000.0,110511200000.0
HDFCAMC.NS,12624100000,9306000000,7112900000,5502460000
HDFCBANK.NS,61224696000,-412439139000,737504366000,102422381000
HDFCLIFE.NS,175538000.0,-2443000.0,2390000.0,-20614000.0
HDIL.NS,,-54547000.0,-118656000.0,-353147000.0
HEG.NS,36442000.0,239873000.0,-30778000.0,31287000.0
HEIDELBERG.NS,4572300000,3931000000,3771400000,3614000000
HERCULES.NS,102191000.0,128086000.0,151242000.0,121888000.0
HERITGFOOD.NS,-20424000,115463000,-233836000,-237770000
HEROMOTOCO.NS,36381100000,34440900000,37204000000,35842700000
HESTERBIO.NS,-175618905.0,283197210.0,11474559.0,64460566.0
HEXATRADEX.NS,-1982000,1055000,-2728000,-8986000
HEXAWARE.NS,,,,
HFCL.NS,1673200000.0,339400000.0,2070900000.0,1360700000.0
HGINFRA.NS,214580000.0,-33010000.0,-106130000.0,126800000.0
HGS.NS,2075782000.0,-1383161000.0,1519916000.0,427823000.0
HIKAL.NS,202690000,55920000,38970000,-19640000
HIL.NS,NaN,NaN,NaN,NaN
HILTON.NS,NaN,NaN,NaN,NaN
HIMATSEIDE.NS,-1200169000,572156000,505035000,-624629000
HINDALCO.NS,37670000000,54960000000,60829200000,18997400000
HINDCOMPOS.NS,25608000,34277000,503962000,96676000
HINDCOPPER.NS,-3018704000,1102263000,-2817732000,-5257198000
HINDMOTORS.NS,8841000.0,10504000.0,10137000.0,10996000.0
HINDNATGLS.NS,-513997000.0,1486351000.0,14880000.0,-98969000.0
HINDOILEXP.NS,236918000,196365000,-674443000,666689000
HINDPETRO.NS,-2466900000,-2295000000,-7837100000,7117300000
HINDUNILVR.NS,25950000000.0,-280000000.0,210000000.0,-2020000000.0
HINDZINC.NS,18750000000.0,-19410000000.0,-64160000000.0,83290000000.0
HIRECT.NS,44367000.0,64691000.0,-36289000.0,-32570000.0
HISARMETAL.NS,40589627,120357946,94975852,66838142
HITECH.NS,203881000,273496000,210082000,103815000
HITECHCORP.NS,6018000,-49453000,30790000,13432000
HITECHGEAR.NS,1835700000.0,471620000.0,153140000.0,539670000.0
HLVLTD.NS,-136151000.0,113953000.0,45022000.0,-93131000.0
HMT.NS,-2652400000.0,-430674000.0,-1076911000.0,-6608063000.0
HMVL.NS,-517700000,-4900000,182200000,-67700000
HNDFDS.NS,219108000,119145000,62753000,6656000
HONAUT.NS,482900000,-1654800000,799700000,1194700000
HONDAPOWER.NS,166700000,-32000000,-198800000,182800000
HOTELRUGBY.NS,NaN,NaN,NaN,NaN
HOVS.NS,NaN,NaN,NaN,NaN
HPL.NS,625144000.0,830967000.0,204128000.0,34660000.0
HSCL.NS,2054763000,3242938000,2474624000,827757000
HSIL.NS,-105677000,-1783606000,956836000,1232463000
HTMEDIA.NS,-1225400000.0,-180000000.0,368700000.0,-221800000.0
HUBTOWN.NS,,763594000.0,4512462000.0,-25979000.0
HUDCO.NS,1115700000,392100000,243800000,-932000000
IBREALEST.NS,1206923000.0,5041457000.0,23728452000.0,3968913000.0
IBULHSGFIN.NS,21998000000.0,40905300000.0,38954000000.0,29063928180.0
IBULISL.NS,-5000000.0,-143378000.0,17621000.0,128594000.0
IBVENTURES.NS,43267000.0,4590969000.0,2095311000.0,1022517114.0
ICICIBANK.NS,95663078000,42542387000,77121865000,101883845000
ICICIGI.NS,NaN,NaN,NaN,NaN
ICICIPRULI.NS,184000,-154000,30000,-678000
ICIL.NS,1162375000,75532000,66548000,-99414000
ICRA.NS,-82133000.0,46218000.0,122747000.0,-170130000.0
IDBI.NS,51847373000,-136283366000,79248155000,48716098000
IDEA.NS,NaN,NaN,NaN,NaN
IDFC.NS,-12060600000.0,34184100000.0,-7611600000.0,-38060900000.0
IDFCFIRSTB.NS,NaN,NaN,NaN,NaN
IEX.NS,1757179000,1650367000,1316852000,1135813000
IFBAGRO.NS,-254399000,275103000,55157000,-62661000
IFBIND.NS,NaN,NaN,NaN,NaN
IFCI.NS,NaN,NaN,NaN,NaN
IFGLEXPOR.NS,NaN,NaN,NaN,NaN
IGARASHI.NS,NaN,NaN,NaN,NaN
IGL.NS,5965500000,-1325200000,781100000,-3277000000
IGPL.NS,150230000,-188651000,22163000,20470000
IIFL.NS,5018300000.0,7946200000.0,7947390000.0,6860890000.0
IIFLSEC.NS,2339760000.0,1714330000.0,1805760000.0,
IIFLWAM.NS,2011640000,3745470000,3801690000,2504692755
IITL.NS,-5924000.0,10591070.0,1325090.0,-7522763.0
IL&FSENGG.NS,NaN,NaN,NaN,NaN
IL&FSTRANS.NS,,,,2956000000.0
IMAGICAA.NS,NaN,NaN,NaN,NaN
IMFA.NS,4000000.0,3700000.0,100000.0,-2900000.0
IMPAL.NS,92547000,-61785000,86921000,-398750000
IMPEXFERRO.NS,46155000.0,66369000.0,121509000.0,401965000.0
INDBANK.NS,NaN,NaN,NaN,NaN
INDHOTEL.NS,NaN,NaN,NaN,NaN
INDIACEM.NS,3866511000.0,3770367000.0,5560533000.0,7651797000.0
INDIAGLYCO.NS,NaN,NaN,NaN,NaN
INDIAMART.NS,1473820000,200440000,547590000,-643460000
INDIANB.NS,566700000.0,728300000.0,728300000.0,728300000.0
INDIANCARD.NS,39406000,6492000,3011000,-122422000
INDIANHUME.NS,181977000.0,114631000.0,106453000.0,103448000.0
INDIGO.NS,-2336780000,1572470000,22423240000,16591470000
INDLMETER.NS,18723000.0,329829182.0,324649311.0,323406887.0
INDNIPPON.NS,75942000,18159000,14334000,-14082000
INDOCO.NS,1228477000.0,1321138000.0,1227169000.0,886397000.0
INDORAMA.NS,-3165400000,-2710600000,-826900000,-814300000
INDOSOLAR.NS,,324469000.0,292267000.0,546235000.0
INDOSTAR.NS,-3246272000,2407948000,2003262000,2107954322
INDOTECH.NS,NaN,NaN,NaN,NaN
INDOTHAI.NS,-27107000.0,29102000.0,59189434.0,36084829.0
INDOWIND.NS,97670000.0,53324000.0,74717000.0,79592000.0
INDRAMEDCO.NS,323550000,288520000,296790000,290310000
INDSWFTLAB.NS,-171195000.0,227596000.0,-62971000.0,-42707000.0
INDSWFTLTD.NS,NaN,NaN,NaN,NaN
INDTERRAIN.NS,-44900000.0,-451200000.0,-118500000.0,-29200000.0
INDUSINDBK.NS,12707052000,15675233000,-54123768000,85163827000
INEOSSTYRO.NS,1658960000.0,-359803000.0,1729990000.0,-155599000.0
INFIBEAM.NS,1079920000.0,1270240000.0,882240000.0,441080000.0
INFOBEAN.NS,211677723.0,188949985.0,167336652.0,132927768.0
INFRATEL.NS,1175000000.0,-362000000.0,-19405000000.0,-420000000.0
INFY.NS,2331000000,2199000000,2486000000,2140000000
INGERRAND.NS,1094498000.0,366272000.0,771321000.0,1214740000.0
INOXLEISUR.NS,NaN,NaN,NaN,NaN
INOXWIND.NS,20500000,-403298000,-1586500000,1283067000
INSECTICID.NS,587896000,-106215000,127146000,-2667000
INSPIRISYS.NS,35800000,28900000,-381400000,128900000
INTEGRA.NS,-32942.0,17235.0,-5502.0,54252.0
INTELLECT.NS,159910000,1313470000,467262000,-223858000
INTENTECH.NS,NaN,NaN,NaN,NaN
INVENTURE.NS,NaN,NaN,NaN,NaN
IOB.NS,-68308421000,43465070000,33219582000,9767968000
IOC.NS,86532600000,127465200000,291152900000,282161200000
IOLCP.NS,4710900000.0,2731700000.0,1197200000.0,833400000.0
IPCALAB.NS,NaN,NaN,NaN,NaN
IRB.NS,1649950000.0,661220000.0,-789900000.0,94680000.0
IRCON.NS,9900000.0,-6619900000.0,1003600000.0,-11369320000.0
IRCTC.NS,NaN,NaN,NaN,NaN
ISEC.NS,-18783400000.0,22892900000.0,711300000.0,1653200000.0
ISFT.NS,NaN,NaN,NaN,NaN
ISMTLTD.NS,1094500000.0,797100000.0,312200000.0,-712300000.0
ITC.NS,3341600000,1690900000,-1656200000,753500000
ITDC.NS,,-287611000.0,149925000.0,-70156000.0
ITDCEM.NS,1473658000.0,-189714400.0,,
ITI.NS,-1968826000.0,238350000.0,-1125540000.0,-3474451000.0
IVC.NS,82698000,65996000,1351000,-43442681
IVP.NS,564300000,-267000000,-302600000,49389000
IZMO.NS,8089463.0,-18867064.0,18687982.0,-25050198.0
J&KBANK.NS,,,,-6230644000.0
JAGRAN.NS,-212623000.0,24037000.0,-1129174000.0,1211504000.0
JAGSNPHARM.NS,-4604000.0,240222000.0,-55471000.0,
JAIBALAJI.NS,-1143394000.0,-1536803000.0,-2566635000.0,-2557012000.0
JAICORPLTD.NS,172900000.0,178768000.0,182518000.0,165731000.0
JAIHINDPRO.NS,,5528000.0,-27760000.0,-2070000.0
JAINSTUDIO.NS,,7747000.0,7795000.0,8536000.0
JAMNAAUTO.NS,NaN,NaN,NaN,NaN
JASH.NS,12831000.0,-10604205.0,-8005725.0,17821851.0
JAYAGROGN.NS,27862488,13096941,5953581,-175876940
JAYBARMARU.NS,1540453000,1276156000,2089318000,575548000
JAYNECOIND.NS,2763400000.0,2724742000.0,2728225000.0,2548780000.0
JAYSREETEA.NS,123267000,-103355000,23862000,12788000
JBCHEPHARM.NS,-63897000,108991000,427156000,-280165000
JBFIND.NS,944800000.0,994600000.0,,3437600000.0
JBMA.NS,3698100000,1189373000,692400000,1189044000
JCHAC.NS,1398900000,-810100000,972100000,1715500000
JETAIRWAYS.NS,,,-2164600000.0,2210300000.0
JHS.NS,-19791000,-6806000,261492000,219367000
JINDALPHOT.NS,-30840000.0,-13818000.0,1657225.0,-40584357.0
JINDALPOLY.NS,3688141000,4993081000,7393073000,5032611000
JINDALSAW.NS,284457000,722641000,-252039000,-808970000
JINDALSTEL.NS,-1091700000,-16453400000,-14091100000,-22812800000
JINDRILL.NS,NaN,NaN,NaN,NaN
JINDWORLD.NS,NaN,NaN,NaN,NaN
JISLDVREQS.NS,1126700000.0,-795100000.0,857990000.0,-2630570000.0
JISLJALEQS.NS,1126700000.0,-795100000.0,857990000.0,-2630570000.0
JITFINFRA.NS,729172000.0,-520978000.0,43693000.0,-1628757000.0
JIYAECO.NS,54601000,-101063485,-134153767,-39803905
JKCEMENT.NS,-2245605000.0,517295000.0,813153000.0,-2419131000.0
JKIL.NS,-112927000,-270760000,-31247000,658760000
JKLAKSHMI.NS,6495100000,7602100000,4932000000,3964000000
JKPAPER.NS,5577300000,8788600000,5603100000,5647000000
JKTYRE.NS,-11200000.0,700000.0,5200000.0,-73800000.0
JMA.NS,76686000.0,90158000.0,-45407000.0,-53559000.0
JMCPROJECT.NS,-264817000,-741046000,1286192000,-97825000
JMFINANCIL.NS,5449800000,5721800000,6008600000,4702000000
JMTAUTOLTD.NS,2860000,33141000,7315000,-674579000
JOCIL.NS,87459000,-36961214,388448110,-79393322
JPASSOCIAT.NS,-100400000,-1649100000,469800000,-1872300000
JPINFRATEC.NS,808526000.0,-91906000.0,94848000.0,-91106881.0
JPOLYINVST.NS,NaN,NaN,NaN,NaN
JPPOWER.NS,1000000.0,700000.0,200000.0,200000.0
JSL.NS,713200000,1423800000,3429700000,815700000
JSLHISAR.NS,7097500000,11301400000,14542600000,6901300000
JSWENERGY.NS,10999200000,6951300000,779700000,6290300000
JSWHL.NS,253000.0,381000.0,300000.0,154000.0
JSWSTEEL.NS,40300000000,76390000000,62140000000,35230000000
JTEKTINDIA.NS,-612000000,1147733000,47421000,-19659000
JUBILANT.NS,NaN,NaN,NaN,NaN
JUBLFOOD.NS,2799825000.0,3197893000.0,1962270000.0,577746000.0
JUBLINDS.NS,1520000.0,2050000.0,-930000.0,-910000.0
JUMPNET.NS,NaN,NaN,NaN,NaN
JUSTDIAL.NS,NaN,NaN,NaN,NaN
JVLAGRO.NS,NaN,NaN,NaN,NaN
JYOTHYLAB.NS,-599204000.0,133315000.0,228138000.0,164427000.0
KABRAEXTRU.NS,-13429000,14665000,-2739000,5411000
KAJARIACER.NS,2553300000,2265700000,2349600000,2528100000
KAKATCEM.NS,-8206000,-3600000,-10691000,469128000
KALPATPOWR.NS,-3700000,4100000,12582000,-14559000
KALYANI.NS,NaN,NaN,NaN,NaN
KALYANIFRG.NS,240675000.0,299767000.0,123425000.0,154788000.0
KAMATHOTEL.NS,81352000.0,-15001000.0,-26300000.0,35335000.0
KAMDHENU.NS,18729000,224706000,156675000,81030000
KANANIIND.NS,1386000.0,2604000.0,853000.0,913000.0
KANORICHEM.NS,310490000,215200000,268610000,300400000
KANSAINER.NS,5950700000,999200000,3600200000,3512000000
KAPSTON.NS,-118590091.0,-113601209.0,-23448743.0,85329977.0
KARDA.NS,NaN,NaN,NaN,NaN
KARMAENG.NS,-73178000,30903000,44700000,-11119000
KARURVYSYA.NS,2350247000,2108674000,3456722000,6059826000
KAUSHALYA.NS,-132000,-6037000,6617000,-21000
KAYA.NS,-113124000.0,-11237000.0,53518000.0,-130949000.0
KCP.NS,39412000,-11528000,-571533000,414676000
KCPSUGIND.NS,25337794,-55783496,58263491,-71575521
KDDL.NS,-5933000,221386000,171214000,21044000
KEC.NS,-225500000,-177700000,174700000,1009587000
KECL.NS,65754000.0,87049000.0,115401000.0,118269000.0
KEI.NS,2562960000,1808590000,1447580000,936450000
KELLTONTEC.NS,564793830.0,589224012.0,548595417.0,429484905.0
KENNAMET.NS,,,,
KERNEX.NS,17120993.0,20583197.0,21955581.0,25571846.0
KESORAMIND.NS,1231300000.0,-4725500000.0,-1529200000.0,-2200000000.0
KEYFINSERV.NS,168670199.0,16897583.0,22742531.0,-80315498.0
KGL.NS,,,6815000.0,60139000.0
KHADIM.NS,571300000.0,-107130000.0,141290000.0,309070000.0
KHANDSE.NS,-34189000,68968701,2629711,-15717881
KICL.NS,980000,970000,970000,972563
KILITCH.NS,NaN,NaN,NaN,NaN
KINGFA.NS,303428000.0,955563000.0,-1155575000.0,-1194836000.0
KIOCL.NS,-217592000.0,-1262689000.0,-964808000.0,-2600723000.0
KIRIINDUS.NS,-66140000.0,65039000.0,3169000.0,-70142000.0
KIRLFER.NS,1123700000,981100000,380000000,878300000
KIRLOSBROS.NS,2585714000,-186112000,135920000,77734000
KIRLOSENG.NS,666000000,12100000,475700000,-159500000
KIRLOSIND.NS,958900000,840800000,496100000,754028000
KITEX.NS,NaN,NaN,NaN,NaN
KKCL.NS,10000,3000,3000,-262000
KMSUGAR.NS,-16324000.0,-53084000.0,23162000.0,17511000.0
KNRCON.NS,2303693000,2553258000,2202818000,3654297000
KOHINOOR.NS,-631603000.0,610799000.0,1853841000.0,1231958000.0
KOKUYOCMLN.NS,-1340000.0,6203000.0,-76573000.0,-281148000.0
KOLTEPATIL.NS,386400000.0,-360600000.0,128200000.0,97600000.0
KOPRAN.NS,NaN,NaN,NaN,NaN
KOTAKBANK.NS,85933610000,72041305000,62009736000,49404338000
KOTARISUG.NS,-65316000,45300000,9239000,-134333000
KOTHARIPET.NS,-51442000,51291000,-220301000,87657000
KOTHARIPRO.NS,-633000000,-12717500000,-7810500000,122600000
KPITTECH.NS,1465900000.0,541860000.0,-10640000.0,
KPRMILL.NS,877200000,435700000,-185800000,97900000
KRBL.NS,101800000,-351700000,367600000,-232605000
KREBSBIO.NS,-171446000,169005000,3013000,-1510000
KRIDHANINF.NS,-16214000.0,458624000.0,-1001912000.0,655141000.0
KRISHANA.NS,225673000.0,183945000.0,248037000.0,143616000.0
KSB.NS,,,,
KSCL.NS,27799000,-87655000,-70700000,114892000
KSERASERA.NS,,8463000.0,-20381000.0,-9536000.0
KSK.NS,,-120260000.0,-1062450000.0,692340000.0
KSL.NS,-62460000,-120910000,95060000,157190000
KTKBANK.NS,-6902579000,87351000,3269806000,2291090000
KUANTUM.NS,-385551000,247963000,-80771000,213987000
KWALITY.NS,11576000.0,-629678000.0,-191883000.0,336206000.0
L&TFH.NS,,,,684184000.0
LAKPRE.NS,,,,-22981811.0
LAKSHVILAS.NS,74112529000.0,38594441000.0,-28876327000.0,-48953265000.0
LALPATHLAB.NS,2259410000,1991800000,1707320000,1545880000
LAMBODHARA.NS,NaN,NaN,NaN,NaN
LAOPALA.NS,731822000,506214000,802399000,717844000
LASA.NS,21476000,-761000,3548000,-25653000
LAURUSLABS.NS,-12800000.0,-360000.0,5810000.0,-103830000.0
LAXMIMACH.NS,-446090000.0,-877540000.0,1436685000.0,94244000.0
LEMONTREE.NS,-95370000,528783000,141943000,-61658000
LFIC.NS,6670521.0,18848460.0,-39631863.0,-11027695.0
LGBBROSLTD.NS,NaN,NaN,NaN,NaN
LGBFORGE.NS,47869000.0,-4149000.0,107675000.0,37771000.0
LIBAS.NS,43424313,57078800,29110806,10383363
LIBERTSHOE.NS,16948020,5333097,-329435,-3184163
LICHSGFIN.NS,-14335500000,8874900000,4652800000,5212435000
LINCOLN.NS,67737000,-11111000,34522747,-1402073
LINCPEN.NS,383504000.0,331713000.0,131708000.0,91429000.0
LINDEINDIA.NS,,,,
LOKESHMACH.NS,113871000.0,311798000.0,303547000.0,210639000.0
LOTUSEYE.NS,NaN,NaN,NaN,NaN
LOVABLE.NS,100585075.0,-29301244.0,38697933.0,-25765333.0
LPDC.NS,35344.0,42250.0,26673.0,40419.0
LSIL.NS,15720000,10537000,10100000,11298000
LT.NS,95490300000,89051300000,73698600000,60412300000
LTI.NS,1102000000.0,517000000.0,-162000000.0,1759000000.0
LTTS.NS,99000000,515000000,809000000,-124000000
LUMAXIND.NS,59367000,7723000,5703000,-20099000
LUMAXTECH.NS,109490000,36677000,12975000,96043000
LUPIN.NS,NaN,NaN,NaN,NaN
LUXIND.NS,-6265000,-1762000,-48639000,-701000
LYKALABS.NS,82178000.0,-7236000.0,-26932000.0,-4333000.0
LYPSAGEMS.NS,,,3689000.0,4242000.0
M&M.NS,,,15291400000.0,4157700000.0
M&MFIN.NS,,,-911036000.0,2015901000.0
MAANALU.NS,304854214,-43518578,360778304,-73928136
MACPOWER.NS,-24431373.0,-106176861.0,104215415.0,-17916000.0
MADHAV.NS,-96202000,1954380,-119985814,10106716
MADHUCON.NS,NaN,NaN,NaN,NaN
MADRASFERT.NS,848200000,-226300000,-1503000000,2195100000
MAGADSUGAR.NS,-165332000,405346000,209192000,890108000
MAGMA.NS,270534000.0,3040063000.0,2368877000.0,204527000.0
MAGNUM.NS,174532896,105656161,229025949,16108815
MAHABANK.NS,NaN,NaN,NaN,NaN
MAHAPEXLTD.NS,168953000,-22006000,1259000,-370000
MAHASTEEL.NS,5289000.0,-8348000.0,7715000.0,-4636000.0
MAHEPC.NS,230398000,112943000,49386000,99047000
MAHESHWARI.NS,313500000.0,313500000.0,22213708.0,-291718321.0
MAHINDCIE.NS,,,,
MAHLIFE.NS,NaN,NaN,NaN,NaN
MAHLOG.NS,445800000,-110800000,158500000,-334500000
MAHSCOOTER.NS,-70136000,6523000,6744000,-332457000
MAHSEAMLES.NS,75601000,-52537000,8061000,-56661000
MAITHANALL.NS,-449500000,3147300000,2843346000,1258102000
MAJESCO.NS,691400000,540400000,62900000,50600000
MALUPAPER.NS,154279469,188706410,194189076,202922722
MANAKALUCO.NS,190716000,421565000,151044000,150435000
MANAKCOAT.NS,NaN,NaN,NaN,NaN
MANAKSIA.NS,432901000,-254895000,-2121799000,2490228000
MANAKSTEEL.NS,231215000.0,-23121000.0,19816000.0,-26980000.0
MANALIPETC.NS,408963000,-89252000,331843000,-394836000
MANAPPURAM.NS,14677570000,9404600000,6771900000,7558480000
MANGALAM.NS,1957000.0,10031000.0,-1969000.0,1320000.0
MANGCHEFER.NS,1713468000,-709932000,537172000,549313000
MANGLMCEM.NS,2158170000.0,843697000.0,858861000.0,1633899000.0
MANGTIMBER.NS,14669000,14880000,15518000,14365000
MANINDS.NS,1311073000.0,-5199000.0,-881016000.0,-129870000.0
MANINFRA.NS,338809000.0,61554000.0,-388541000.0,180685000.0
MANUGRAPH.NS,NaN,NaN,NaN,NaN
MARALOVER.NS,564707000.0,306805000.0,675809000.0,435259000.0
MARATHON.NS,66347000.0,-79220000.0,111678000.0,-31501000.0
MARICO.NS,NaN,NaN,NaN,NaN
MARKSANS.NS,2099434449,273950469,500916667,140611974
MARUTI.NS,-1651000000,1131000000,501000000,-205000000
MASFIN.NS,6485431000.0,3476172000.0,28499000.0,-1342748000.0
MASKINVEST.NS,-365065.0,-365065.0,-365065.0,-365065.0
MASTEK.NS,1138100000,1014700000,699600000,324100000
MATRIMONY.NS,295348000,424506000,738626000,429643000
MAWANASUG.NS,144200000,-230180000,192360000,125560000
MAXHEALTH.NS,NaN,NaN,NaN,NaN
MAXIND.NS,NaN,NaN,NaN,NaN
MAXVIL.NS,,-231051000.0,37035000.0,-66950000.0
MAYURUNIQ.NS,NaN,NaN,NaN,NaN
MAZDA.NS,71738296,-38995007,25758816,-65716103
MBAPL.NS,NaN,NaN,NaN,NaN
MBECL.NS,NaN,NaN,NaN,NaN
MBLINFRA.NS,98589000.0,-33545000.0,3760000.0,-80547000.0
MCDHOLDING.NS,34503.0,18446.0,29372.0,71888.0
MCDOWELL-N.NS,7832000000.0,9483000000.0,9251000000.0,6468000000.0
MCL.NS,NaN,NaN,NaN,NaN
MCLEODRUSS.NS,NaN,NaN,NaN,NaN
MCX.NS,2985500000,610200000,432700000,-167100000
MEGASOFT.NS,174295000,512797000,156855000,449375000
MEGH.NS,-1247068000,1290413000,21604000,-6804000
MELSTAR.NS,,104000.0,2840000.0,6326000.0
MENONBE.NS,-84775000,7983000,15926000,115734000
MEP.NS,NaN,NaN,NaN,NaN
MERCATOR.NS,182000000.0,-91700000.0,-714200000.0,93300000.0
METALFORGE.NS,26582000.0,-8465000.0,574544000.0,7088127000.0
METKORE.NS,,,-811290.0,-70324618.0
METROPOLIS.NS,NaN,NaN,NaN,NaN
MFSL.NS,1449900000.0,2625607000.0,2863924000.0,3953628000.0
MGL.NS,-111552000,115158000,76264000,-148019000
MHRIL.NS,-1320590000.0,604204000.0,1323721000.0,1485759000.0
MIC.NS,,4155942.0,328966188.0,-217851176.0
MIDHANI.NS,2044383000.0,2960250000.0,202560000.0,1189420000.0
MINDACORP.NS,NaN,NaN,NaN,NaN
MINDAIND.NS,NaN,NaN,NaN,NaN
MINDTECK.NS,189000000.0,-175600000.0,-113400000.0,-113962000.0
MINDTREE.NS,6309000000.0,7541000000.0,5701000000.0,4160000000.0
MIRCELECTR.NS,-62333000.0,-108285000.0,29969000.0,-23193000.0
MIRZAINT.NS,83000000,-55500000,63100000,-49400000
MITTAL.NS,NaN,NaN,NaN,NaN
MMFL.NS,2770434000.0,269985000.0,-420076000.0,1072522000.0
MMP.NS,81161000.0,-233227000.0,308756000.0,16997000.0
MMTC.NS,420900000,-71400000,-3118900000,3151400000
MODIRUBBER.NS,-23165000,-38155000,111111000,-27251000
MOHITIND.NS,85468835.0,140235526.0,16822790.0,21252394.0
MOHOTAIND.NS,-8348000.0,-25257000.0,-17045000.0,-18230000.0
MOIL.NS,-3082713000,-3082713000,-2104013000,-8633425000
MOLDTECH.NS,30950070.0,-4013870.0,-6913810.0,12015180.0
MOLDTKPAC.NS,NaN,NaN,NaN,NaN
MONTECARLO.NS,-313111000.0,311331000.0,8274000.0,-1007000.0
MORARJEE.NS,NaN,NaN,NaN,NaN
MOREPENLAB.NS,40440000,38790000,-12885000,34028000
MOTHERSUMI.NS,13289000000.0,7693000000.0,-21515000000.0,31720000000.0
MOTILALOFS.NS,1833700000,2939700000,6222800000,3599700000
MOTOGENFIN.NS,233000.0,-37890152.0,365639044.0,-52466785.0
MPHASIS.NS,11848370000.0,10733540000.0,8374990000.0,7915760000.0
MPSLTD.NS,341763000,245344000,62210000,24825000
MRF.NS,10765700000,-911100000,-534800000,1254000000
MRO-TEK.NS,933.0,-23520.0,-415.0,-910.0
MRPL.NS,-28730000.0,-4356960000.0,1942160000.0,-11091650000.0
MSPL.NS,773106000.0,938392000.0,1470511000.0,727459000.0
MSTCLTD.NS,NaN,NaN,NaN,NaN
MTEDUCARE.NS,,91207000.0,-1318256000.0,58396000.0
MTNL.NS,770200000,142400000,72700000,-706900000
MUKANDENGG.NS,3456000,2320000,-2295000,1430000
MUKANDLTD.NS,21900000,-90200000,-51000000,-4200000
MUKTAARTS.NS,-29093025,35816369,10370186,-2450740
MUNJALAU.NS,-50278000,56829000,56829000,-6357068
MUNJALSHOW.NS,656747000,409742000,962881000,834938000
MURUDCERA.NS,NaN,NaN,NaN,NaN
MUTHOOTCAP.NS,NaN,NaN,NaN,NaN
MUTHOOTFIN.NS,31382450000,20780130000,18298320000,11997852817
NACLIND.NS,767400000.0,1300000.0,-10100000.0,-54300000.0
NAGAFERT.NS,-363408000.0,-967775000.0,-1352475000.0,166852000.0
NAGREEKCAP.NS,395109,-2151001,2401466,735611
NAGREEKEXP.NS,99614630.0,127476353.0,214245675.0,262801427.0
NAHARCAP.NS,1375282000,287988000,-232900000,-83701000
NAHARINDUS.NS,709798000.0,783861000.0,653413000.0,686432000.0
NAHARPOLY.NS,-6637000,5972000,1644000,2355000
NAHARSPING.NS,26206000,-7380000,-3816116000,2011927000
NAM-INDIA.NS,4152500000.0,4860900000.0,4557400000.0,4019600000.0
NATCOPHARM.NS,4608000000,6444000000,6962000000,4860000000
NATHBIOGEN.NS,6005625.0,-232789451.0,388112901.0,46224999.0
NATIONALUM.NS,-1531300000.0,1462500000.0,5200000.0,-6295900000.0
NATNLSTEEL.NS,485679000.0,489015000.0,489066000.0,481942000.0
NAUKRI.NS,-2376230000,6036530000,5119830000,-236610000
NAVINFLUOR.NS,4085856000,1490980000,1797780000,1366036000
NAVKARCORP.NS,1647767000.0,1280985000.0,734175000.0,1083570000.0
NAVNETEDUL.NS,234800000.0,406600000.0,-845700000.0,-61700000.0
NBCC.NS,412614000.0,2793704000.0,1851626000.0,3853097000.0
NBIFIN.NS,40999.0,34488.0,31926.0,22099.0
NBVENTURES.NS,519538000,-518589000,-3449053000,-30440000
NCC.NS,3365300000,5786900000,1686300000,316840000
NCLIND.NS,1058229000.0,708503000.0,1563863000.0,181727000.0
NDGL.NS,NaN,NaN,NaN,NaN
NDL.NS,1546879000.0,792615836.0,655978165.0,1691291810.0
NDRAUTO.NS,,1622588000.0,,
NDTV.NS,NaN,NaN,NaN,NaN
NECCLTD.NS,-39133989,-127291442,335136732,-20297638
NECLIFE.NS,NaN,NaN,NaN,NaN
NELCAST.NS,-38970000.0,-65871000.0,75852000.0,12574000.0
NELCO.NS,-24100000,15600000,57000000,-47000000
NEOGEN.NS,-5395000.0,2045000.0,-12595000.0,6050000.0
NESCO.NS,2091936000,1708303000,1462253000,1526289000
NESTLEIND.NS,,,,
NETWORK18.NS,20800000,300000,300000,-2400000
NEULANDLAB.NS,32658000.0,46498000.0,-1550000.0,-35239000.0
NEWGEN.NS,NaN,NaN,NaN,NaN
NEXTMEDIA.NS,-233900000.0,154486000.0,236253000.0,247946000.0
NFL.NS,-4870800000,-27100900000,16611400000,24529100000
NH.NS,1189160000,591690000,513470000,830530000
NHPC.NS,171300000.0,47000000.0,-530300000.0,-13469500000.0
NIACL.NS,-9670800000.0,-13340097000.0,4249987000.0,-1235545000.0
NIBL.NS,29699000.0,52606000.0,-5809000.0,38504000.0
NIITLTD.NS,NaN,NaN,NaN,NaN
NILAINFRA.NS,-1215000.0,-5424000.0,-14189000.0,18747000.0
NILASPACES.NS,-15387000,26220000,52000,-2000
NILKAMAL.NS,52479000,-42873000,41637000,3390000
NIPPOBATRY.NS,13111000.0,-19622000.0,10689000.0,4979000.0
NIRAJISPAT.NS,NaN,NaN,NaN,NaN
NITCO.NS,346117000.0,252048000.0,3698116000.0,310038000.0
NITINFIRE.NS,,,72956000.0,-79171000.0
NITINSPIN.NS,981901000.0,1037313000.0,662932000.0,535555000.0
NKIND.NS,60349598.0,71241951.0,102352140.0,126081477.0
NLCINDIA.NS,-15300000.0,-834400000.0,385100000.0,-31743200000.0
NMDC.NS,599000000.0,112800000.0,-457800000.0,305400000.0
NOCIL.NS,1306700000,1848500000,1699300000,971100000
NOIDATOLL.NS,NaN,NaN,NaN,NaN
NORBTEAEXP.NS,2892285,5459741,10322841,3719036
NRAIL.NS,1914513000,1121823000,1041222000,905766000
NRBBEARING.NS,462700000,174100000,-88000000,-96300000
NSIL.NS,NaN,NaN,NaN,NaN
NTL.NS,NaN,NaN,NaN,NaN
NTPC.NS,2657800000,-4508800000,192800000,-11756100000
NUCLEUS.NS,122500000.0,22400000.0,27300000.0,160100000.0
NXTDIGITAL.NS,-46154000.0,-84060000.0,25356000.0,-45096000.0
OAL.NS,188090000,176189000,146515000,116242000
OBEROIRLTY.NS,-2330438000.0,3387378000.0,-1430782000.0,-499931000.0
OCCL.NS,1146412000.0,933281000.0,937429000.0,815230000.0
OFSS.NS,14622170000,13858980000,12370410000,11853850000
OIL.NS,-31126700000,35044800000,123700000,68100000
OILCOUNTUB.NS,120499000,197400000,384203000,75093000
OISL.NS,,579420000.0,135959000.0,723635000.0
OLECTRA.NS,135295000.0,-158140000.0,88927000.0,84194000.0
OMAXAUTO.NS,-199619000.0,-174716000.0,361966000.0,13301000.0
OMAXE.NS,7178300000.0,4004900000.0,190700000.0,1208540000.0
OMKARCHEM.NS,2275000.0,-12768000.0,-31342000.0,31555000.0
OMMETALS.NS,-251014000.0,57530000.0,138467000.0,-99573210.0
ONELIFECAP.NS,11462000,-15010000,15097000,14488000
ONEPOINT.NS,NaN,NaN,NaN,NaN
ONGC.NS,7075670000.0,10014720000.0,-966850000.0,988720000.0
ONMOBILE.NS,101000000.0,-1005050000.0,-321180000.0,57730000.0
ONWARDTEC.NS,134472000,-32179000,16484000,29670000
OPTIEMUS.NS,435600000.0,733100000.0,,905100000.0
OPTOCIRCUI.NS,55406000.0,107872814.0,125870398.0,160339745.0
ORBTEXP.NS,-40840000,58720000,-7336000,18726000
ORICONENT.NS,44636000,-177139000,14102000,322215000
ORIENTABRA.NS,15000.0,15000.0,15000.0,15000.0
ORIENTALTL.NS,-65258000.0,3923000.0,-90739000.0,-6768000.0
ORIENTBELL.NS,81000.0,-1500000.0,1447000.0,-302000.0
ORIENTCEM.NS,126593000,-100193000,-308613000,267178000
ORIENTELEC.NS,-244500000.0,10100000.0,71700000.0,2799180000.0
ORIENTHOT.NS,181967000,224853000,-65970000,66640000
ORIENTLTD.NS,107343000.0,97206000.0,75095000.0,152093000.0
ORIENTPPR.NS,684848000.0,988199000.0,1258301000.0,357818000.0
ORIENTREF.NS,NaN,NaN,NaN,NaN
ORISSAMINE.NS,,-5199833000.0,-435179000.0,-549806000.0
ORTEL.NS,2983000.0,318000.0,14821000.0,20769000.0
ORTINLABSS.NS,-11216000,3743000,7274000,-1374000
OSWALAGRO.NS,319784170.0,-13370650.0,-94429670.0,104420330.0
PAEL.NS,-14026000.0,18611000.0,-37620000.0,-36471000.0
PAGEIND.NS,1125540000,-216040000,268240000,119310000
PAISALO.NS,351662000.0,-28565000.0,-3819122000.0,-2028183498.0
PALASHSECU.NS,NaN,NaN,NaN,NaN
PALREDTEC.NS,2457362.0,6377836.0,16082224.0,-14255308.0
PANACEABIO.NS,NaN,NaN,NaN,NaN
PANACHE.NS,-31442000.0,-69625543.0,-887571.0,-887571.0
PANAMAPET.NS,232437000,-194661000,136011000,16680000
PAPERPROD.NS,,,,
PARABDRUGS.NS,,,2270000.0,-860000.0
PARACABLES.NS,263466813,291596426,146929741,146258239
PARAGMILK.NS,NaN,NaN,NaN,NaN
PARSVNATH.NS,-246579000,260186000,-55838000,-233582000
PATELENG.NS,-68090000.0,-44510000.0,704380000.0,18900000.0
PATINTLOG.NS,NaN,NaN,NaN,NaN
PATSPINLTD.NS,-15900000,16130000,-25583000,-5916000
PCJEWELLER.NS,NaN,NaN,NaN,NaN
PDMJEPAPER.NS,4961000,-2094000,-26386000,21206000
PDSMFL.NS,973347000,1290364000,-230530000,661546000
PEARLPOLY.NS,41974000,74234000,115333000,106046000
PEL.NS,240300000,14670600000,51214900000,12523300000
PENIND.NS,238600000.0,-177100000.0,-255700000.0,11100000.0
PENINLAND.NS,565300000.0,-66700000.0,-292200000.0,443700000.0
PERSISTENT.NS,160540000,394320000,-117450000,61180000
PETRONET.NS,7494400000,-4777200000,3833100000,-18557200000
PFC.NS,11785700000.0,-984000000.0,-37199500000.0,30786900000.0
PFIZER.NS,16899800000.0,230800000.0,-168600000.0,-34600000.0
PFOCUS.NS,5216800000.0,1203300000.0,2007200000.0,2912200000.0
PFS.NS,1909451000.0,-210650000.0,236614000.0,106224000.0
PGEL.NS,75752000,21649000,-8103000,17909000
PGHH.NS,,,,
PGHL.NS,,,,
PGIL.NS,-62523000,20829000,58503000,-225054000
PHILIPCARB.NS,358492000.0,-580257000.0,1483686000.0,-266131000.0
PHOENIXLTD.NS,897522000,87523000,-332987000,-426977000
PIDILITIND.NS,11164200000.0,9249100000.0,9623500000.0,8599900000.0
PIIND.NS,4566000000.0,4102000000.0,3676000000.0,4594412000.0
PILANIINVS.NS,37675000,1596000,-1546000,-2230000
PILITA.NS,NaN,NaN,NaN,NaN
PIONDIST.NS,292800000.0,-909200000.0,-142800000.0,347481592.0
PIONEEREMB.NS,256276000.0,194418000.0,166680000.0,360575000.0
PITTIENG.NS,NaN,NaN,NaN,NaN
PKTEA.NS,15501000,-16513000,7492000,-4807331
PLASTIBLEN.NS,743893000.0,589434000.0,147116000.0,252996000.0
PNB.NS,4597800000,-201921800000,61090500000,123297100000
PNBGILTS.NS,-38978708000.0,-38431890000.0,-7999367000.0,12128825000.0
PNBHOUSING.NS,NaN,NaN,NaN,NaN
PNC.NS,73074000.0,14158000.0,50058000.0,22228000.0
PNCINFRA.NS,5489031000,1534134000,1285056000,-509958000
PODDARHOUS.NS,9747000,-87722000,65611000,991000
PODDARMENT.NS,305886000.0,222464000.0,69787000.0,271410000.0
POKARNA.NS,47905000,30960000,15479000,13426000
POLYCAB.NS,7590570000.0,4997030000.0,3580130000.0,2327020000.0
POLYMED.NS,958779000,653990000,705939000,551253000
POLYPLEX.NS,1101872000.0,-256474000.0,1591757000.0,-2401152000.0
PONNIERODE.NS,73700000,59200000,56800000,57000000
POWERGRID.NS,11923900000,21129300000,-17066500000,16978600000
POWERINDIA.NS,NaN,NaN,NaN,NaN
POWERMECH.NS,-476520000.0,14600000.0,357600000.0,1190821031.0
PPAP.NS,NaN,NaN,NaN,NaN
PPL.NS,139500000.0,202300000.0,,
PRABHAT.NS,,1776296000.0,-602093000.0,974593000.0
PRADIP.NS,-4841000,-4661000,-3387000,3768000
PRAENG.NS,-15186000,-2266000,4630000,24105000
PRAJIND.NS,704309000,682032000,394909000,446028000
PRAKASH.NS,3881200000,6959500000,4762800000,2692300000
PRAKASHSTL.NS,1387000.0,-204737169.0,5527951.0,-543544248.0
PRAXIS.NS,NaN,NaN,NaN,NaN
PRECAM.NS,41676000.0,-30888000.0,102969000.0,-47881000.0
PRECOT.NS,-75441000.0,-80366000.0,-32151000.0,683000.0
PRECWIRE.NS,483221000,588698000,949674000,130926000
PREMEXPLN.NS,NaN,NaN,NaN,NaN
PREMIER.NS,210848000,292312000,281731000,293182000
PREMIERPOL.NS,-53195000,-13498761,-22814877,-56770030
PRESSMN.NS,37953000,54136000,30636000,61357000
PRESTIGE.NS,4031000000,4156000000,3713000000,2649000000
PRICOLLTD.NS,1696825000.0,251709000.0,953992000.0,578512000.0
PRIMESECU.NS,11400000.0,7600000.0,-18534000.0,25717000.0
PRINCEPIPE.NS,1125070000.0,821320000.0,727660000.0,741820000.0
PROZONINTU.NS,60024000.0,-18178000.0,-155229000.0,35967000.0
PRSMJOHNSN.NS,748300000,-9700000,4300000,-210900000
PSB.NS,29600308000.0,-5144690000.0,25429161000.0,-3127944000.0
PSL.NS,-509100000.0,-125773000.0,-270171000.0,-67248000.0
PSPPROJECT.NS,57751000.0,-273560000.0,287292000.0,109780000.0
PTC.NS,3092000000,-2715800000,891300000,906800000
PTL.NS,-3909000,-167136000,23798000,142407000
PUNJABCHEM.NS,8300000,447900000,5400000,-35800000
PUNJLLOYD.NS,,,-687500000.0,-9200500000.0
PURVA.NS,-235900000,340600000,388500000,-1883300000
PVR.NS,273000000,1898300000,1247000000,957900000
QUESS.NS,-4446930000,2567410000,3109872000,1218957000
QUICKHEAL.NS,-28840000,7420000,-470400000,-574700000
RADAAN.NS,,18029339.0,24666611.0,10888466.0
RADICO.NS,349143000.0,762072000.0,24496000.0,210459000.0
RADIOCITY.NS,-72052000.0,16795000.0,-723835000.0,730164000.0
RAIN.NS,,,,
RAJESHEXPO.NS,,5938876000.0,-3706487000.0,27772578000.0
RAJRATAN.NS,-9600000,-19000000,33624000,-3014507
RAJSREESUG.NS,457678000.0,707687000.0,1475458000.0,2044050000.0
RAJTV.NS,172439927,191018393,116449726,-115907883
RALLIS.NS,165081000,-228889000,260408000,385450000
RAMANEWS.NS,362575000,476288000,-153990000,106738000
RAMASTEEL.NS,298026000.0,-173711000.0,48562000.0,-69794000.0
RAMCOCEM.NS,7481000000.0,7926300000.0,11242200000.0,11174100000.0
RAMCOIND.NS,NaN,NaN,NaN,NaN
RAMCOSYS.NS,101740000.0,163780000.0,112850000.0,106650000.0
RAMKY.NS,2632330000.0,4040700000.0,4210300000.0,3504620000.0
RAMSARUP.NS,,,,436481000.0
RANASUG.NS,339174000,325895000,313943000,284185000
RANEENGINE.NS,283900000.0,23500000.0,146900000.0,-41300000.0
RANEHOLDIN.NS,236700000,72600000,161200000,51900000
RATNAMANI.NS,-958119000,1371250000,-99413000,31078000
RAYMOND.NS,1126273000,-247655000,94033000,30559000
RBL.NS,700000.0,-100000.0,-100000.0,-100000.0
RBLBANK.NS,23024958000.0,24431763000.0,2728371000.0,16353282000.0
RCF.NS,NaN,NaN,NaN,NaN
RCOM.NS,3540000000.0,8200000000.0,7210000000.0,8210000000.0
RECLTD.NS,13357200000.0,1335600000.0,-42200800000.0,27567500000.0
REDINGTON.NS,5152100000.0,5077800000.0,4816400000.0,4642200000.0
REFEX.NS,118843000.0,441863000.0,-44090000.0,41498593.0
RELAXO.NS,2262500000.0,1754400000.0,1610700000.0,1199500000.0
RELCAPITAL.NS,-2090000000.0,-36020000000.0,7160000000.0,8530000000.0
RELIANCE.NS,NaN,NaN,NaN,NaN
RELIGARE.NS,-9324695000.0,-12871665000.0,-10450104000.0,-1742736877.0
RELINFRA.NS,1013500000.0,1091800000.0,-801600000.0,1519500000.0
REMSONSIND.NS,51937000.0,80049000.0,38076000.0,55443000.0
RENUKA.NS,341970000.0,-179090000.0,-40280000.0,74780000.0
REPCOHOME.NS,2668100000.0,316600000.0,48900000.0,23575601.0
REPRO.NS,NaN,NaN,NaN,NaN
RESPONIND.NS,283385000,-86430000,-637060000,133500000
REVATHI.NS,132232000.0,200942000.0,-2669000.0,682712000.0
RGL.NS,558128000.0,-290660000.0,-185795000.0,186804000.0
RHFL.NS,-702300000.0,468900000.0,-1935400000.0,-4245900000.0
RICOAUTO.NS,-130600000,162100000,65200000,-11900000
RIIL.NS,40775000.0,142032000.0,139072000.0,144325000.0
RITES.NS,-520600000,235600000,-2609300000,2840700000
RKDL.NS,,80597000.0,13988000.0,-41298000.0
RKFORGE.NS,96955000,1201130000,949260000,112171000
RMCL.NS,-52240000.0,-25260000.0,-56900000.0,68150000.0
RML.NS,4100000.0,107900000.0,14800000.0,39200000.0
RNAVAL.NS,-870000000.0,-132443000.0,-2239311000.0,-3177820000.0
ROHITFERRO.NS,3248000,-90909000,16049000,11129000
ROHLTD.NS,NaN,NaN,NaN,NaN
ROLLT.NS,235000,-10635000,-8350000,11989000
ROLTA.NS,2476700000.0,2477800000.0,2682200000.0,2630900000.0
ROSSARI.NS,,-4880000.0,-1470000.0,2250000.0
ROSSELLIND.NS,80798000.0,94431000.0,92208000.0,84942000.0
RPGLIFE.NS,501700000.0,457800000.0,146800000.0,73300000.0
RPOWER.NS,960600000,-5557100000,4081200000,-8258100000
RPPINFRA.NS,33200000.0,-436400000.0,517600000.0,153900000.0
RSSOFTWARE.NS,NaN,NaN,NaN,NaN
RSWM.NS,-86646000.0,-689000.0,79032000.0,458000.0
RSYSTEMS.NS,NaN,NaN,NaN,NaN
RTNINFRA.NS,-169584000,144969000,1858000,-15459000
RTNPOWER.NS,436759000,-1266538000,-1271668000,-89002000
RUBYMILLS.NS,156719000,62546000,485679000,353830000
RUCHI.NS,,1379818000.0,1420910000.0,1546495000.0
RUCHINFRA.NS,410752000,253473000,362095000,2139626348
RUCHIRA.NS,NaN,NaN,NaN,NaN
RUPA.NS,903735000.0,-271520000.0,150180000.0,977393072.0
RUSHIL.NS,471301914.0,186059887.0,500217478.0,274970523.0
RVNL.NS,,-563883000.0,-9078123000.0,-1230220000.0
S&SPOWER.NS,NaN,NaN,NaN,NaN
SABEVENTS.NS,NaN,NaN,NaN,NaN
SABTN.NS,17306529.0,49404046.0,182432283.0,131344028.0
SADBHAV.NS,-384518000.0,151408000.0,532943000.0,-406562000.0
SADBHIN.NS,-160990000.0,166830000.0,54490000.0,-367790000.0
SAFARI.NS,7340000.0,-648000.0,-16476000.0,-17750000.0
SAGARDEEP.NS,13859362.0,80561439.0,33928151.0,16948171.0
SAGCEM.NS,-150100000.0,-230900000.0,-1207800000.0,1588100000.0
SAIL.NS,1249600000,-284200000,-466400000,-45400000
SAKAR.NS,-708492.0,44883.0,-160055000.0,2226000.0
SAKHTISUG.NS,477400000.0,358397000.0,-433550000.0,1651977000.0
SAKSOFT.NS,28760000.0,100370000.0,77090000.0,22660000.0
SAKUMA.NS,NaN,NaN,NaN,NaN
SALASAR.NS,310670000.0,-119005000.0,-425538000.0,119351000.0
SALONA.NS,1157422,286293,-249718,-15836778
SALSTEEL.NS,75200000,77962000,77500000,76423000
SALZERELEC.NS,315447000.0,516634000.0,41529000.0,9027000.0
SAMBHAAV.NS,NaN,NaN,NaN,NaN
SANCO.NS,16548000.0,-128077000.0,-66703000.0,-47391000.0
SANDESH.NS,-95307000,-584116000,-384621000,488349000
SANDHAR.NS,30004000.0,-2512868000.0,2493119000.0,20734000.0
SANGAMIND.NS,1833900000,1740200000,952600000,1474500000
SANGHIIND.NS,NaN,NaN,NaN,NaN
SANGHVIFOR.NS,12611090,3167800,-1594760,2450920
SANGHVIMOV.NS,-11438000.0,17713000.0,1238000.0,-10365000.0
SANGINITA.NS,-16084000.0,7197010.0,27940568.0,-74163616.0
SANOFI.NS,,,,
SANWARIA.NS,,,-25325017.0,99548496.0
SARDAEN.NS,NaN,NaN,NaN,NaN
SAREGAMA.NS,439384000,541134000,285148000,84075000
SARLAPOLY.NS,5700000,-99600000,67400000,-46693000
SASKEN.NS,-1676772000,-1676772000,-1676772000,-249977000
SASTASUNDR.NS,111422000,-58615000,-15228900,71066442
SATIA.NS,1496860000.0,1671404000.0,1196229000.0,1123379000.0
SATIN.NS,1549726000.0,2011945000.0,754122000.0,248735245.0
SBICARD.NS,12448153000,8649659000,6035476000,3904077844
SBILIFE.NS,5128000.0,4585000.0,1463000.0,-5245000.0
SBIN.NS,27686427000.0,10762867000.0,13051753000.0,-17397098000.0
SCAPDVR.NS,-27666000.0,112535022.0,86255281.0,482251218.0
SCHAEFFLER.NS,NaN,NaN,NaN,NaN
SCHAND.NS,-505860000.0,-60850000.0,329240000.0,96600000.0
SCHNEIDER.NS,14230000,-3490000,11140000,-5800000
SCI.NS,26100000,-31800000,-31800000,-31800000
SDBL.NS,NaN,NaN,NaN,NaN
SEAMECLTD.NS,450530000,-191890000,69440000,2810000
SELAN.NS,76522000,-204019000,34201000,168984000
SELMCL.NS,,5259642000.0,3851142000.0,5172122000.0
SEPOWER.NS,-425194,-291365,1516395,-693637
SEQUENT.NS,699050000,486600000,4215660000,-138240000
SESHAPAPER.NS,NaN,NaN,NaN,NaN
SETCO.NS,-445700000,31251000,37515000,-86563000
SETUINFRA.NS,-5685000.0,-24119000.0,795000.0,-8395000.0
SEYAIND.NS,-8510000.0,-130160000.0,130892000.0,4945000.0
SEZAL.NS,NaN,NaN,NaN,NaN
SFL.NS,272658000,-1348175000,335469000,572981000
SGL.NS,94941559,100727321,-37537541,325035545
SHAHALLOYS.NS,NaN,NaN,NaN,NaN
SHAKTIPUMP.NS,503405000,-22944000,195757000,528235000
SHALBY.NS,32070000.0,-64530000.0,120000.0,27820000.0
SHALPAINTS.NS,-829542000.0,701862000.0,74364000.0,-5249000.0
SHANKARA.NS,-298482000.0,1710307000.0,399032000.0,1058702507.0
SHANTIGEAR.NS,-700000000,-700000000,-700000000,-700000000
SHARDACROP.NS,271249000,-105875000,-109739000,398930000
SHARDAMOTR.NS,-636937000.0,945480000.0,1157770000.0,1643181000.0
SHEMAROO.NS,NaN,NaN,NaN,NaN
SHIL.NS,-190884000.0,217319000.0,232000.0,
SHILPAMED.NS,NaN,NaN,NaN,NaN
SHIRPUR-G.NS,417611000,-1169910000,2526320000,980580000
SHIVAMAUTO.NS,1041144000.0,940279000.0,786658000.0,265684000.0
SHIVAMILLS.NS,-43915000,27250000,-33247000,31926000
SHIVATEX.NS,-31426000.0,5026000.0,,-5314000.0
SHK.NS,356900000,884800000,938800000,1048200000
SHOPERSTOP.NS,-1412600000.0,133700000.0,919862000.0,-565528000.0
SHREDIGCEM.NS,383694000,60005000,77684000,-303854000
SHREECEM.NS,-360300000,842000000,102100000,-130700000
SHREEPUSHK.NS,3868000.0,1142000.0,-106000.0,1028000.0
SHREERAMA.NS,88718000.0,89796000.0,108683000.0,120427000.0
SHRENIK.NS,45302329.0,-180992679.0,-469371830.0,-130935384.0
SHREYANIND.NS,155000,-1494000,-299000,-3611000
SHREYAS.NS,-34200000,15700000,-25400000,32500000
SHRIPISTON.NS,-282710000,-616740000,212200000,388820000
SHRIRAMCIT.NS,10226295000,10017393000,7405737000,5780884000
SHRIRAMEPC.NS,-70130000.0,3021130000.0,275827000.0,124838000.0
SHYAMCENT.NS,NaN,NaN,NaN,NaN
SHYAMTEL.NS,3482000,-3013000,5405000,-134367000
SICAGEN.NS,NaN,NaN,NaN,NaN
SICAL.NS,2923500000.0,541600000.0,1198700000.0,548500000.0
SIEMENS.NS,,,,
SIGIND.NS,NaN,NaN,NaN,NaN
SIL.NS,755340000,1096155000,23016000,223213000
SILINV.NS,236057000,679217000,-750307000,-102242000
SILLYMONKS.NS,9209000.0,-2903484.0,-8634039.0,24788286.0
SIMBHALS.NS,324600000.0,-118729000.0,-48179000.0,29723000.0
SIMPLEXINF.NS,NaN,NaN,NaN,NaN
SINTEX.NS,4338800000.0,10611400000.0,181800000.0,5628100000.0
SIRCA.NS,-112112000.0,668854019.0,13165445.0,-15979569.0
SIS.NS,2254610000,2158170000,1620670000,1118610000
SITINET.NS,1041970000.0,-219620000.0,-771250000.0,-1971660000.0
SIYSIL.NS,NaN,NaN,NaN,NaN
SJVN.NS,2734200000.0,-1231800000.0,-6158400000.0,-4440900000.0
SKFINDIA.NS,-21100000.0,108500000.0,-1229800000.0,1359100000.0
SKIL.NS,-3717975000,1585159000,-3144897000,-129535000
SKIPPER.NS,2760000.0,-1740000.0,-6750000.0,-131580000.0
SKMEGGPROD.NS,69535506,64868234,61300741,58690845
SMARTLINK.NS,-6134000.0,-25756050.0,25128023.0,-1656894.0
SMLISUZU.NS,63807000,74975000,145706000,-22836000
SMPL.NS,-8841000,-4617330000,2364737000,3384392000
SMSLIFE.NS,-270000,13503000,3585000,-2143000
SMSPHARMA.NS,397119000.0,497573000.0,318147000.0,734746000.0
SNOWMAN.NS,11290000.0,-95997000.0,-102592000.0,-19775000.0
SOBHA.NS,NaN,NaN,NaN,NaN
SOLARA.NS,1146100000,595100000,3770000,-396000
SOLARINDS.NS,315600000,85100000,265600000,4900000
SOMANYCERA.NS,1527428000,859016000,1108802000,1172437000
SOMATEX.NS,5160000.0,-138791000.0,158758000.0,-86056000.0
SOMICONVEY.NS,48363000,38334000,33629000,59350000
SONATSOFTW.NS,1978800000.0,-1597400000.0,2530600000.0,87400000.0
SORILINFRA.NS,-9400000.0,49265000.0,-161509000.0,169638000.0
SOTL.NS,-413267000,426519000,127668000,-39501000
SOUTHBANK.NS,1045896000,2475345000,3348921000,3925046000
SOUTHWEST.NS,NaN,NaN,NaN,NaN
SPAL.NS,-11290000.0,50300000.0,28010000.0,16720000.0
SPANDANA.NS,3514590000.0,3118240000.0,1879460000.0,529487044.0
SPARC.NS,27000.0,1466000.0,-633809000.0,595838000.0
SPCENET.NS,-82790171.0,-418476.0,58203797.0,-2958872.0
SPECIALITY.NS,-93160000.0,57660000.0,13450000.0,-13980000.0
SPENCERS.NS,527004000.0,88605000.0,166362885.0,
SPENTEX.NS,,68225187.0,67453010.0,258473687.0
SPIC.NS,-83119000,690651000,-2444000,-77501000
SPICEJET.NS,-9365680000,-3024110000,5572060000,4272200000
SPLIL.NS,281841000,158731000,158310000,191976000
SPMLINFRA.NS,-165743000,120479000,-181381000,-30042000
SPTL.NS,1969300000.0,-3252500000.0,5340300000.0,1734000000.0
SPYL.NS,135000.0,-1089000.0,703000.0,-604000.0
SREEL.NS,294311142,140692199,277960624,141857721
SREINFRA.NS,876600000.0,-334600000.0,-108300000.0,2515200000.0
SRF.NS,-731100000.0,1025400000.0,-6200000.0,-2522500000.0
SRHHYPOLTD.NS,978392000.0,597244000.0,51194000.0,-75518114.0
SRIPIPES.NS,-2491906000.0,553024000.0,1476387000.0,331654000.0
SRTRANSFIN.NS,-31314400000.0,-55349800000.0,-131420115000.0,-26772508000.0
SSWL.NS,1038899000.0,1837457000.0,2331422000.0,1211118000.0
STAR.NS,-1836550000,1097270000,-2589160000,-5956630000
STARCEMENT.NS,1461447000,762775000,23540000,-74923000
STARPAPER.NS,52654000,-24309000,-20700000,6963000
STCINDIA.NS,NaN,NaN,NaN,NaN
STEELCITY.NS,9429000.0,68091647.0,115047262.0,77078209.0
STEELXIND.NS,246571566,-5584726,-2578530,-37408021
STEL.NS,-63591.0,-609654.0,-81375827.0,-25186695.0
STERTOOLS.NS,NaN,NaN,NaN,NaN
STINDIA.NS,,1937000.0,2825000.0,-1932000.0
STRTECH.NS,NaN,NaN,NaN,NaN
SUBCAPCITY.NS,NaN,NaN,NaN,NaN
SUBEX.NS,NaN,NaN,NaN,NaN
SUBROS.NS,2387766000.0,1004080000.0,3154369000.0,1107098000.0
SUDARSCHEM.NS,34170000,-31520000,-22410000,-101960000
SUJANAUNI.NS,18269000.0,-664527000.0,-136037000.0,1434903000.0
SUMEETINDS.NS,NaN,NaN,NaN,NaN
SUMICHEM.NS,421500000.0,-230820000.0,149810000.0,
SUMIT.NS,2881000.0,-47074000.0,13449522.0,-28971000.0
SUMMITSEC.NS,NaN,NaN,NaN,NaN
SUNCLAYLTD.NS,11987700000,506800000,1428500000,-401400000
SUNDARAM.NS,4995000.0,2316000.0,-637000.0,-13040000.0
SUNDARMFIN.NS,NaN,NaN,NaN,NaN
SUNDARMHLD.NS,52305000.0,11627000.0,6714000.0,-981944.0
SUNDRMBRAK.NS,-4954000.0,2982000.0,-341000.0,35000.0
SUNDRMFAST.NS,208300000,-105800000,-64900000,120900000
SUNFLAG.NS,2175700000.0,1770000000.0,1174900000.0,-175100000.0
SUNPHARMA.NS,-13856900000.0,-8441500000.0,-7359100000.0,6106700000.0
SUNTECK.NS,1002839000,2275460000,2141784000,2039694000
SUNTV.NS,269000000,1153100000,-3982400000,1037700000
SUPERHOUSE.NS,-13352000,16832000,-75508000,54657000
SUPERSPIN.NS,112096000.0,236362000.0,287934000.0,230848000.0
SUPPETRO.NS,-29408000,-29408000,-29408000,-29408000
SUPRAJIT.NS,169480000,140820000,96120000,33120000
SUPREMEIND.NS,1878200000,900000,-431300000,524100000
SUPREMEINF.NS,,44190000.0,-71769000.0,163759000.0
SURANASOL.NS,108007316,86651635,-16131790,341248548
SURANAT&P.NS,,,,12867640.0
SURYALAXMI.NS,633974000,781199000,289571000,865172000
SURYAROSNI.NS,2764700000.0,1201100000.0,1549200000.0,1809300000.0
SUTLEJTEX.NS,NaN,NaN,NaN,NaN
SUVEN.NS,144483000.0,-176603000.0,172608000.0,-2318607000.0
SUVENPHAR.NS,7923000.0,261669600.0,,
SUZLON.NS,-9290400000.0,12667400000.0,-1094400000.0,16019100000.0
SWANENERGY.NS,-58453000,-53093000,546930000,6092000
SWARAJENG.NS,996083000.0,687677000.0,893189000.0,822853000.0
SWELECTES.NS,-57454000.0,-1033371000.0,-468520000.0,-47924000.0
SWSOLAR.NS,425090000.0,3253040000.0,881224689.0,
SYMPHONY.NS,-55600000,73300000,-245800000,248932000
SYNCOM.NS,1838000,827000,-1603000,-5904000
SYNGENE.NS,4121000000,3316000000,3054000000,2873000000
TAINWALCHM.NS,-27409000,13262000,11585000,2023000
TAJGVK.NS,746072000,589586000,745881000,608848000
TAKE.NS,-123600000,1772960000,1604560000,1430770000
TALBROAUTO.NS,370061000,163860000,340462000,375970000
TALWALKARS.NS,,,13000000.0,13000000.0
TALWGYM.NS,NaN,NaN,NaN,NaN
TANLA.NS,455498498.0,-104189214.0,321419925.0,824028429.0
TANTIACONS.NS,,-4400000.0,-119500000.0,75300000.0
TARMAT.NS,-130416000.0,173704000.0,-208205000.0,-9457000.0
TASTYBITE.NS,368330000.0,555450000.0,211715000.0,122956000.0
TATACHEM.NS,832800000,301400000,77500000,-24600000
TATACOFFEE.NS,594803000,-325587000,384431000,-101983000
TATACOMM.NS,609400000,-4673200000,2536200000,576500000
TATACONSUM.NS,507300000,-201100000,430000000,-915600000
TATAELXSI.NS,NaN,NaN,NaN,NaN
TATAINVEST.NS,71940000.0,38404000.0,-118197000.0,-112648000.0
TATAMETALI.NS,NaN,NaN,NaN,NaN
TATAMOTORS.NS,-120708500000.0,-288262300000.0,89889100000.0,74543600000.0
TATAMTRDVR.NS,-120708500000.0,-288262300000.0,89889100000.0,74543600000.0
TATAPOWER.NS,10173800000,23561900000,24083000000,8965500000
TATASTEEL.NS,NaN,NaN,NaN,NaN
TATASTLBSL.NS,4471828000.0,-3170492000.0,4689234000.0,934468000.0
TATASTLLP.NS,-5162320000.0,1243867000.0,1408795000.0,587704000.0
TBZ.NS,-42147000,-44480000,57464000,-18834000
TCI.NS,1423621000,1443997000,1231744000,806929000
TCIDEVELOP.NS,NaN,NaN,NaN,NaN
TCIEXP.NS,890800000,728400000,584000000,374870000
TCIFINANCE.NS,426000,-1098000,-94916,861893
TCNSBRANDS.NS,694120000,1314350000,980970000,157970000
TCPLPACK.NS,-15410000.0,15192000.0,-2181000.0,2701000.0
TCS.NS,14220000000.0,23410000000.0,12860000000.0,-26980000000.0
TDPOWERSYS.NS,299375000,31985000,-144244000,-44265000
TEAMLEASE.NS,NaN,NaN,NaN,NaN
TECHIN.NS,-2942022.0,-2266390.0,-380700521.0,-8553330.0
TECHM.NS,9740000000,766000000,-352000000,-3925000000
TECHNOE.NS,-1095998000.0,-1095998000.0,-600000000.0,-600000000.0
TECHNOFAB.NS,,-52954275.0,1712077.0,31871603.0
TEJASNET.NS,NaN,NaN,NaN,NaN
TERASOFT.NS,,-106276000.0,-36195000.0,-156121000.0
TEXINFRA.NS,-5839000.0,68093000.0,17067000.0,-9495000.0
TEXMOPIPES.NS,162000.0,-6559000.0,6208000.0,-6438000.0
TEXRAIL.NS,56386000,-50917000,32681000,-89618000
TFCILTD.NS,6432000,3692000,6251000,6158700
TFL.NS,14438676.0,7446620.0,15839561.0,8658058.0
TGBHOTELS.NS,30573000.0,27489000.0,49378000.0,194563000.0
THANGAMAYL.NS,-69551000,52663000,-57463000,73987000
THEINVEST.NS,NaN,NaN,NaN,NaN
THEMISMED.NS,NaN,NaN,NaN,NaN
THERMAX.NS,-468900000,851900000,67200000,1096700000
THIRUSUGAR.NS,,,-78320000.0,-320090000.0
THOMASCOOK.NS,NaN,NaN,NaN,NaN
THOMASCOTT.NS,NaN,NaN,NaN,NaN
THYROCARE.NS,884100000.0,851400000.0,932800000.0,428450000.0
TI.NS,-128343000.0,-166662000.0,619636000.0,-46224000.0
TIDEWATER.NS,38000000,-312800000,-493000000,24500000
TIIL.NS,120370000.0,79449000.0,-144863000.0,-24868000.0
TIINDIA.NS,3063400000,2404200000,1473900000,1676200000
TIJARIA.NS,6459291,-19922976,2246399,15120081
TIL.NS,7700000,12300000,-5900000,-5900000
TIMESGTY.NS,57000.0,-5627000.0,1085000.0,1085000.0
TIMETECHNO.NS,NaN,NaN,NaN,NaN
TIMKEN.NS,-26110000,22230000,-2940000,-4480000
TINPLATE.NS,-122509000,-120111000,343106000,54470000
TIPSINDLTD.NS,NaN,NaN,NaN,NaN
TIRUMALCHM.NS,1497200000,291000000,104200000,120600000
TIRUPATIFL.NS,18800000,-4385551,4935308,-616361
TITAN.NS,-3540400000,-425200000,-2059500000,5623300000
TMRVL.NS,236831000,20285000,85378000,155035000
TNPETRO.NS,72376000,83372000,19039000,-24081000
TNPL.NS,2414447000,8188785000,8326853000,2839766000
TNTELE.NS,77633700.0,79732800.0,86245500.0,78512000.0
TOKYOPLAST.NS,,39753207.0,2372834.0,-18214899.0
TORNTPHARM.NS,305800000,-43300000,246400000,-113100000
TORNTPOWER.NS,NaN,NaN,NaN,NaN
TOTAL.NS,-74812000.0,927538.0,4919207.0,-93850646.0
TOUCHWOOD.NS,5443241.0,-3552352.0,39716325.0,-10975159.0
TPLPLASTEH.NS,,38898086.0,32118804.0,28537620.0
TREEHOUSE.NS,-53904000,140989312,19025177,81370036
TREJHARA.NS,365000.0,213000.0,13199000.0,
TRENT.NS,1227800000,969600000,869700000,848600000
TRF.NS,96452000.0,162096000.0,103987000.0,30741000.0
TRIDENT.NS,3087700000.0,-379700000.0,202500000.0,228600000.0
TRIGYN.NS,62488000,3522000,133776000,426551000
TRIL.NS,157911000.0,1789174000.0,-1020516000.0,664949000.0
TRITURBINE.NS,387890000.0,154790000.0,-61630000.0,-112550000.0
TRIVENI.NS,NaN,NaN,NaN,NaN
TTKHLTCARE.NS,-36256000,-37687000,-41153000,1330000
TTKPRESTIG.NS,-256800000.0,95300000.0,110400000.0,312800000.0
TTL.NS,NaN,NaN,NaN,NaN
TTML.NS,-866000000.0,1319700000.0,21500000.0,-4268800000.0
TV18BRDCST.NS,20800000,300000,300000,300000
TVSELECT.NS,3900000,98500000,161500000,56600000
TVSMOTOR.NS,9024500000,1882000000,1557800000,-785400000
TVSSRICHAK.NS,-50500000,-40100000,45700000,-27000000
TVTODAY.NS,1393602000.0,1311016000.0,1189358000.0,1022152000.0
TVVISION.NS,21956427,5533265,661653294,504141352
TWL.NS,,-285231000.0,-1436226000.0,269027000.0
UBL.NS,101600000,167400000,27300000,92600000
UCALFUEL.NS,111814000,-3395000,-4202000,-53509000
UCOBANK.NS,NaN,NaN,NaN,NaN
UFLEX.NS,NaN,NaN,NaN,NaN
UFO.NS,-85677000.0,-120061000.0,-59323000.0,-11440000.0
UGARSUGAR.NS,459744000.0,-460855000.0,369302000.0,-126129000.0
UJAAS.NS,23926000.0,-62696000.0,-94219000.0,7014000.0
UJJIVAN.NS,2822944000.0,1504440000.0,259516000.0,2076711158.0
UJJIVANSFB.NS,2611418000,6165795000,-2254439000,9153493712
ULTRACEMCO.NS,58148400000,24035100000,22221700000,27149200000
UMANGDAIRY.NS,28969000.0,260749000.0,-52999000.0,72625000.0
UMESLTD.NS,NaN,NaN,NaN,NaN
UNICHEMLAB.NS,291732000.0,-4690261000.0,6548636000.0,-4559000.0
UNIENTER.NS,NaN,NaN,NaN,NaN
UNIONBANK.NS,120857200000.0,-63172800000.0,165744400000.0,32891100000.0
UNIPLY.NS,,395040555.0,328999785.0,132983102.0
UNITECH.NS,,,,-353598517.0
UNITEDTEA.NS,82622000.0,105354000.0,63380000.0,94845000.0
UNITY.NS,,,,-2474474000.0
UNIVASTU.NS,21988175.0,1533268.0,-79622000.0,20243000.0
UNIVCABLES.NS,-1665000,-14026000,15398000,-33086000
UNIVPHOTO.NS,271553000,-45000,9000,-28000
UPL.NS,17760000000,14910000000,20220000000,17270000000
URJA.NS,3954994.0,4703293.0,5521987.0,6264008.0
USHAMART.NS,497000000,-21100000,68400000,-53300000
UTTAMSTL.NS,-6800000.0,93200000.0,6642400000.0,-1148700000.0
UTTAMSUGAR.NS,145293000,1431109000,507196000,45882000
UVSL.NS,,90900000.0,1805000000.0,-4793500000.0
V2RETAIL.NS,522070000.0,35163000.0,-14466000.0,31790000.0
VADILALIND.NS,666259000,444252000,165994000,455122000
VAIBHAVGBL.NS,1902573000,1541703000,1124664000,645787000
VAISHALI.NS,NaN,NaN,NaN,NaN
VAKRANGEE.NS,-126465000.0,-7051922000.0,2944753000.0,5805843000.0
VARDHACRLC.NS,NaN,NaN,NaN,NaN
VARDMNPOLY.NS,157056000.0,183763000.0,299072000.0,301332000.0
VARROC.NS,8875700000,-1661770000,63840000,1934600000
VASCONEQ.NS,-240277000.0,279457000.0,-80563000.0,-115841000.0
VASWANI.NS,97257847.0,94361679.0,36871009.0,39483758.0
VBL.NS,,,,
VEDL.NS,-310000000.0,-640000000.0,840000000.0,-300000000.0
VENKEYS.NS,-41406000,2172000,-181957000,-119577000
VENUSREM.NS,560000,560000,560000,560000
VERTOZ.NS,-7247000,-89302547,94990379,37848000
VESUVIUS.NS,,,,
VETO.NS,318571054.0,109619046.0,-250444841.0,196084097.0
VGUARD.NS,1871121000,1672368000,1342601000,1446153000
VHL.NS,88000,88000,144000,395000
VICEROY.NS,-116412407.0,14674357.0,-64179617.0,576662877.0
VIDEOIND.NS,,-1034680000.0,1401970000.0,-9112784000.0
VIDHIING.NS,-36547000,103366000,28774000,-49465000
VIJIFIN.NS,NaN,NaN,NaN,NaN
VIKASECO.NS,257783897.0,90117663.0,-72872506.0,-228454169.0
VIKASMCORP.NS,-13273842.0,14206522.0,-228231.0,-228231.0
VIKASPROP.NS,-88000.0,104000.0,-18799000.0,18605000.0
VIKASWSP.NS,247687000.0,-45119000.0,-676169000.0,58855000.0
VIMTALABS.NS,243480000,391460000,334210000,239200000
VINATIORGA.NS,1094166000.0,-826208000.0,696881000.0,585658000.0
VINDHYATEL.NS,2374027000,2756074000,1534107000,1700416000
VINYLINDIA.NS,511931066,-211486631,-27097236,-70756209
VIPCLOTHNG.NS,NaN,NaN,NaN,NaN
VIPIND.NS,-39600000,-94100000,125600000,21600000
VIPULLTD.NS,85656000.0,-79630000.0,41600000.0,-76436000.0
VISAKAIND.NS,740323000,709059000,879884000,1527158000
VISASTEEL.NS,586540000,815320000,1511830000,118360000
VISHAL.NS,187825000.0,16100000.0,-241400000.0,286320503.0
VISHNU.NS,35821000,-8724000,1490000,2811827
VISHWARAJ.NS,NaN,NaN,NaN,NaN
VIVIDHA.NS,NaN,NaN,NaN,NaN
VIVIMEDLAB.NS,-1091152000,573650000,779430000,2139750000
VLSFINANCE.NS,NaN,NaN,NaN,NaN
VMART.NS,493453000,616262000,777041000,439043000
VOLTAMP.NS,1077887000,324820000,425459000,780856000
VOLTAS.NS,NaN,NaN,NaN,NaN
VRLLOG.NS,3122000.0,-59174000.0,69613000.0,-68253000.0
VSSL.NS,33399000,222060000,250363000,191368000
VSTIND.NS,417387000,413330000,391351000,368888000
VSTTILLERS.NS,723430017,431818799,333692975,865032387
VTL.NS,NaN,NaN,NaN,NaN
WABAG.NS,1143800000.0,-183800000.0,-1062200000.0,-760500000.0
WABCOINDIA.NS,114173000,-2969849000,879753000,455105000
WALCHANNAG.NS,NaN,NaN,NaN,NaN
WANBURY.NS,-790000,-1275000,-21579000,33923000
WATERBASE.NS,203210000,-15652000,396806000,-355169000
WEBELSOLAR.NS,4500000,37000,-29656000,24740000
WEIZMANIND.NS,6177000,777000,-3847000,2979000
WELCORP.NS,6354730000,-132580000,1583030000,264250000
WELENT.NS,-579300000.0,-1162200000.0,-2873000000.0,-236500000.0
WELINV.NS,-133089,-478878,-258056,-25000
WELSPUNIND.NS,507420000,352410000,-46760000,177500000
WENDT.NS,16812000,11487000,18413000,-183000
WESTLIFE.NS,-73480000,212920000,128570000,-121200000
WHEELS.NS,1837900000.0,1835100000.0,1310800000.0,1552300000.0
WHIRLPOOL.NS,2210500000,786600000,-773600000,2022400000
WILLAMAGOR.NS,-69492000.0,-1623109000.0,-538659000.0,23268000.0
WINDMACHIN.NS,-50819000,61494000,34047000,1499000
WIPL.NS,NaN,NaN,NaN,NaN
WIPRO.NS,NaN,NaN,NaN,NaN
WOCKPHARMA.NS,-1780000000.0,-4999100000.0,-664000000.0,3006600000.0
WONDERLA.NS,647840000,554141000,385039000,339111000
WORTH.NS,-113840000.0,-6556191.0,122653620.0,-9475178.0
WSI.NS,50000.0,240000.0,910000.0,910000.0
WSTCSTPAPR.NS,88439000.0,-6011000.0,-63525000.0,106569000.0
XCHANGING.NS,689700000,618800000,418100000,360640000
XELPMOC.NS,-19162530.0,2888920.0,19642060.0,358910.0
XPROINDIA.NS,54054000.0,-15723000.0,-4282000.0,12423000.0
YESBANK.NS,-164325804000,17092658000,42332200000,33398856000
ZEEL.NS,85000000,-19000000,46000000,-717000000
ZEELEARN.NS,,-9073000.0,66694000.0,61076000.0
ZEEMEDIA.NS,NaN,NaN,NaN,NaN
ZENITHEXPO.NS,120872320,71491570,-3881793,29423000
ZENSARTECH.NS,2634200000,3135900000,2415300000,2348700000
ZENTEC.NS,587688000,133169000,-3890000,71715734
ZICOM.NS,NaN,NaN,NaN,NaN
ZODIACLOTH.NS,-289700000,-267927000,-234894000,-43784000
ZODJRDMKJ.NS,343068.0,494491.0,660374.0,606785.0
ZOTA.NS,-8594000.0,-7678000.0,23250702.0,-6191594.0
ZUARI.NS,2151511000.0,-974992000.0,817416000.0,539034000.0
ZUARIGLOB.NS,-24509000,15635000,-88733000,53526000
ZYDUSWELL.NS,-836700000.0,1085600000.0,81200000.0,-13100000.0
